idRun	idBait	sample_id	replicate_group	replicate_letter	raw_file_name
b10494	TBC1D14	b10494	TBC1D14	C	b10494.raw
b10495	VILL	b10495	VILL	C	b10495.raw
b12290	YBEY	b12290	YBEY	B	b12290.raw
b12292	CHL1	b12292	CHL1	B	b12292.raw
b12293	MAML2	b12293	MAML2	B	b12293.raw
b12294	LRIG1	b12294	LRIG1	B	b12294.raw
b12295	TUBGCP5	b12295	TUBGCP5	B	b12295.raw
b12297	MAGEE1	b12297	MAGEE1	B	b12297.raw
b12298	PLEKHG5	b12298	PLEKHG5	B	b12298.raw
b12299	OCRL	b12299	OCRL	B	b12299.raw
b12300	COPG	b12300	COPG	B	b12300.raw
b12301	ECT2	b12301	ECT2	A	b12301.raw
b12302	NSMAF	b12302	NSMAF	A	b12302.raw
b12303	GAA	b12303	GAA	A	b12303.raw
b12304	SUGP2	b12304	SUGP2	A	b12304.raw
b12306	PCDH12	b12306	PCDH12	A	b12306.raw
b12310	IL12RB2	b12310	IL12RB2	A	b12310.raw
b12311	PCDHAC2	b12311	PCDHAC2	A	b12311.raw
b12312	VWCE	b12312	VWCE	A	b12312.raw
b12313	ANKRD18A	b12313	ANKRD18A	A	b12313.raw
b12315	CRAMP1L	b12315	CRAMP1L	A	b12315.raw
b12316	FAM120A	b12316	FAM120A	A	b12316.raw
b12318	MYO6	b12318	MYO6	A	b12318.raw
b12319	A2M	b12319	A2M	A	b12319.raw
b12325	COBL	b12325	COBL	B	b12325.raw
b12326	LARS	b12326	LARS	B	b12326.raw
b12327	NOL8	b12327	NOL8	B	b12327.raw
b12329	KRBA1	b12329	KRBA1	B	b12329.raw
b12330	SEMA6D	b12330	SEMA6D	B	b12330.raw
b12331	SYCP1	b12331	SYCP1	B	b12331.raw
b12332	ERAP1	b12332	ERAP1	B	b12332.raw
b12333	ANO6	b12333	ANO6	B	b12333.raw
b12334	GANAB	b12334	GANAB	B	b12334.raw
b12337	DCLRE1A	b12337	DCLRE1A	C	b12337.raw
b12420	A2M	b12420	A2M	C	b12420.raw
b12421	MYO6	b12421	MYO6	C	b12421.raw
b12423	FAM120A	b12423	FAM120A	C	b12423.raw
b12424	CRAMP1L	b12424	CRAMP1L	C	b12424.raw
b12426	ANKRD18A	b12426	ANKRD18A	C	b12426.raw
b12427	VWCE	b12427	VWCE	C	b12427.raw
b12428	PCDHAC2	b12428	PCDHAC2	C	b12428.raw
b12429	IL12RB2	b12429	IL12RB2	C	b12429.raw
b12600	MAPK8IP3	b12600	MAPK8IP3	D	b12600.raw
b12601	NOL8	b12601	NOL8	D	b12601.raw
b12602	LARS	b12602	LARS	D	b12602.raw
b12603	COBL	b12603	COBL	D	b12603.raw
b12605	PPFIBP1	b12605	PPFIBP1	D	b12605.raw
b12608	SUGP2	b12608	SUGP2	D	b12608.raw
b13288	RPS21	b13288	RPS21	B	b13288.raw
b13289	C5orf62	b13289	C5orf62	B	b13289.raw
b13292	ATP5I	b13292	ATP5I	B	b13292.raw
b13295	OAZ1	b13295	OAZ1	B	b13295.raw
b13297	COX7C	b13297	COX7C	B	b13297.raw
b13300	USMG5	b13300	USMG5	B	b13300.raw
b13301	MT2A	b13301	MT2A	B	b13301.raw
b13305	GNG5	b13305	GNG5	B	b13305.raw
b13306	COX17	b13306	COX17	B	b13306.raw
b13307	SBDSP1	b13307	SBDSP1	B	b13307.raw
b13349	NBR2	b13349	NBR2	B	b13349.raw
b13352	RPS28	b13352	RPS28	B	b13352.raw
b13353	POLR2L	b13353	POLR2L	B	b13353.raw
b13358	ATOX1	b13358	ATOX1	C	b13358.raw
b13359	MTCP1NB	b13359	MTCP1NB	C	b13359.raw
b13360	DEFB106A	b13360	DEFB106A	C	b13360.raw
b13361	MRPL33	b13361	MRPL33	C	b13361.raw
b13364	C16orf74	b13364	C16orf74	C	b13364.raw
b13365	LENEP	b13365	LENEP	C	b13365.raw
b13367	MT2A	b13367	MT2A	C	b13367.raw
b13409	USMG5	b13409	USMG5	C	b13409.raw
b13412	COX7C	b13412	COX7C	C	b13412.raw
b13414	ATP5I	b13414	ATP5I	C	b13414.raw
b13416	RPS21	b13416	RPS21	C	b13416.raw
b13421	COX17	b13421	COX17	C	b13421.raw
b13423	LST1	b13423	LST1	C	b13423.raw
b13425	SEP15	b13425	SEP15	C	b13425.raw
b13883	LRFN2	b13883	LRFN2	A	b13883.raw
b13884	DIS3	b13884	DIS3	A	b13884.raw
b13885	PCDHGB2	b13885	PCDHGB2	A	b13885.raw
b13886	PCDHB1	b13886	PCDHB1	A	b13886.raw
b13888	MOGS	b13888	MOGS	A	b13888.raw
b13889	GABBR1	b13889	GABBR1	A	b13889.raw
b13890	RABEP1	b13890	RABEP1	A	b13890.raw
b13891	RASEF	b13891	RASEF	A	b13891.raw
b13892	EPC2	b13892	EPC2	A	b13892.raw
b13894	GTF3C4	b13894	GTF3C4	A	b13894.raw
b13895	PCDHGC5	b13895	PCDHGC5	A	b13895.raw
b13896	PNPT1	b13896	PNPT1	A	b13896.raw
b13897	GSG2	b13897	GSG2	A	b13897.raw
b13898	ARHGAP12	b13898	ARHGAP12	A	b13898.raw
b13899	PHF14	b13899	PHF14	A	b13899.raw
b14377	EMP3	b14377	EMP3	A	b14377.raw
b14378	UPP1	b14378	UPP1	A	b14378.raw
b14381	LAGE3	b14381	LAGE3	A	b14381.raw
b14382	C4orf39	b14382	C4orf39	A	b14382.raw
b14386	MS4A6E	b14386	MS4A6E	A	b14386.raw
b14391	NDUFAF4	b14391	NDUFAF4	A	b14391.raw
b14394	TWIST2	b14394	TWIST2	A	b14394.raw
b14396	LAIR2	b14396	LAIR2	A	b14396.raw
b14412	TNFSF18	b14412	TNFSF18	B	b14412.raw
b14413	LEP	b14413	LEP	B	b14413.raw
b14415	PTP4A1	b14415	PTP4A1	B	b14415.raw
b14416	ZNHIT1	b14416	ZNHIT1	B	b14416.raw
b14417	C9orf85	b14417	C9orf85	B	b14417.raw
b14422	OMP	b14422	OMP	B	b14422.raw
b14424	C6orf136	b14424	C6orf136	B	b14424.raw
b14425	MRPL23	b14425	MRPL23	B	b14425.raw
b14426	UBL4B	b14426	UBL4B	B	b14426.raw
b14427	SIN3A	b14427	SIN3A	B	b14427.raw
b14428	MORN4	b14428	MORN4	B	b14428.raw
b14429	CGGBP1	b14429	CGGBP1	B	b14429.raw
b14430	SPRYD7	b14430	SPRYD7	B	b14430.raw
b14432	OTUD3	b14432	OTUD3	B	b14432.raw
b14435	IL20	b14435	IL20	B	b14435.raw
b14437	CST5	b14437	CST5	B	b14437.raw
b14438	FGFR1OP2	b14438	FGFR1OP2	B	b14438.raw
b14439	MTRF1	b14439	MTRF1	B	b14439.raw
b14440	HBXIP	b14440	HBXIP	B	b14440.raw
b14441	NINJ2	b14441	NINJ2	B	b14441.raw
b14444	C2orf73	b14444	C2orf73	B	b14444.raw
b14445	IRGM	b14445	IRGM	B	b14445.raw
b14446	MYH7B	b14446	MYH7B	B	b14446.raw
b14447	LMO1	b14447	LMO1	B	b14447.raw
b14448	CST8	b14448	CST8	B	b14448.raw
b14450	STAG3L4	b14450	STAG3L4	B	b14450.raw
b14451	CDKN3	b14451	CDKN3	B	b14451.raw
b14453	SPCS3	b14453	SPCS3	B	b14453.raw
b14454	IQCF2	b14454	IQCF2	B	b14454.raw
b14455	SSBP1	b14455	SSBP1	B	b14455.raw
b14456	FAM9C	b14456	FAM9C	B	b14456.raw
b14457	C1orf146	b14457	C1orf146	B	b14457.raw
b14461	CRYAA	b14461	CRYAA	B	b14461.raw
b14462	RGS5	b14462	RGS5	B	b14462.raw
b14463	C9orf23	b14463	C9orf23	B	b14463.raw
b14467	IL7	b14467	IL7	B	b14467.raw
b14468	HINT2	b14468	HINT2	B	b14468.raw
b14472	AVPI1	b14472	AVPI1	A	b14472.raw
b14473	NUDT10	b14473	NUDT10	A	b14473.raw
b14475	SRSF2	b14475	SRSF2	A	b14475.raw
b14476	TTC9C	b14476	TTC9C	A	b14476.raw
b14477	MGST2	b14477	MGST2	A	b14477.raw
b14478	RNASEH2C	b14478	RNASEH2C	A	b14478.raw
b14479	CALCA	b14479	CALCA	A	b14479.raw
b14480	GIP	b14480	GIP	A	b14480.raw
b14481	DLX6	b14481	DLX6	A	b14481.raw
b14518	DLX6	b14518	DLX6	B	b14518.raw
b14519	GIP	b14519	GIP	B	b14519.raw
b14521	RNASEH2C	b14521	RNASEH2C	B	b14521.raw
b14522	MGST2	b14522	MGST2	B	b14522.raw
b14523	TTC9C	b14523	TTC9C	B	b14523.raw
b14524	SRSF2	b14524	SRSF2	B	b14524.raw
b14526	NUDT10	b14526	NUDT10	B	b14526.raw
b15935	SEP15	b15935	SEP15	D	b15935.raw
b15939	C16orf74	b15939	C16orf74	D	b15939.raw
b18290	SREBF2	b18290	SREBF2	A	b18290.raw
b18291	PICK1	b18291	PICK1	A	b18291.raw
b18293	SHOX	b18293	SHOX	A	b18293.raw
b18294	STRA8	b18294	STRA8	A	b18294.raw
b18295	CARD16	b18295	CARD16	A	b18295.raw
b18299	SLC5A1	b18299	SLC5A1	A	b18299.raw
b18302	DEFB109	b18302	DEFB109	A	b18302.raw
b18303	SPANXN2	b18303	SPANXN2	A	b18303.raw
b18304	DEFB112	b18304	DEFB112	A	b18304.raw
b18305	PREX2	b18305	PREX2	A	b18305.raw
b18306	CAPN12	b18306	CAPN12	A	b18306.raw
b18309	UBE2L3	b18309	UBE2L3	A	b18309.raw
b18310	SNRPD3	b18310	SNRPD3	A	b18310.raw
b18311	SEZ6L	b18311	SEZ6L	A	b18311.raw
b18312	FAM150B	b18312	FAM150B	A	b18312.raw
b18313	ESCO2	b18313	ESCO2	A	b18313.raw
b18314	IGFBPL1	b18314	IGFBPL1	A	b18314.raw
b18315	HSF4	b18315	HSF4	A	b18315.raw
b18317	CLCA1	b18317	CLCA1	A	b18317.raw
b18319	FOLR3	b18319	FOLR3	A	b18319.raw
b18369	PLA2G6	b18369	PLA2G6	A	b18369.raw
b18370	AP1B1	b18370	AP1B1	A	b18370.raw
b18371	TST	b18371	TST	A	b18371.raw
b18372	ENPP3	b18372	ENPP3	A	b18372.raw
b18373	SPRR2D	b18373	SPRR2D	A	b18373.raw
b18374	AWAT2	b18374	AWAT2	A	b18374.raw
b18375	GPR151	b18375	GPR151	A	b18375.raw
b18377	HOXA7	b18377	HOXA7	A	b18377.raw
b18378	XKRY2	b18378	XKRY2	A	b18378.raw
b18381	YWHAH	b18381	YWHAH	A	b18381.raw
b18383	CDCP2	b18383	CDCP2	A	b18383.raw
b18384	SLC5A4	b18384	SLC5A4	A	b18384.raw
b18386	GUCA2A	b18386	GUCA2A	A	b18386.raw
b18387	PROL1	b18387	PROL1	A	b18387.raw
b18389	GJA10	b18389	GJA10	A	b18389.raw
b18390	TAS1R2	b18390	TAS1R2	A	b18390.raw
b18394	RFPL1	b18394	RFPL1	A	b18394.raw
b18396	CNGA1	b18396	CNGA1	A	b18396.raw
b18397	LIFR	b18397	LIFR	A	b18397.raw
b18404	CUX2	b18404	CUX2	A	b18404.raw
b18405	MYEOV2	b18405	MYEOV2	A	b18405.raw
b18406	SSX7	b18406	SSX7	A	b18406.raw
b18407	SPINK14	b18407	SPINK14	A	b18407.raw
b18409	NLRP5	b18409	NLRP5	A	b18409.raw
b18414	OR4N2	b18414	OR4N2	A	b18414.raw
b18415	VPS9D1	b18415	VPS9D1	A	b18415.raw
b18416	UGT1A5	b18416	UGT1A5	A	b18416.raw
b18418	OR4E2	b18418	OR4E2	A	b18418.raw
b18419	B3GNT7	b18419	B3GNT7	A	b18419.raw
b18420	GALP	b18420	GALP	A	b18420.raw
b18564	FAM178A	b18564	FAM178A	A	b18564.raw
b18565	LPIN2	b18565	LPIN2	A	b18565.raw
b18566	ZFP1	b18566	ZFP1	A	b18566.raw
b18567	HOXA4	b18567	HOXA4	A	b18567.raw
b18568	GLCE	b18568	GLCE	A	b18568.raw
b18576	CRISP1	b18576	CRISP1	C	b18576.raw
b18577	SPAG11B	b18577	SPAG11B	C	b18577.raw
b18578	DCDC1	b18578	DCDC1	A	b18578.raw
b18595	TEX13B	b18595	TEX13B	A	b18595.raw
b18596	TTC39A	b18596	TTC39A	A	b18596.raw
b18597	CRLF2	b18597	CRLF2	A	b18597.raw
b18598	MATN1	b18598	MATN1	A	b18598.raw
b18600	FBXW9	b18600	FBXW9	A	b18600.raw
b18601	BMP6	b18601	BMP6	A	b18601.raw
b18640	SLC45A4	b18640	SLC45A4	A	b18640.raw
b18641	LEPR	b18641	LEPR	A	b18641.raw
b18642	EIF2C4	b18642	EIF2C4	A	b18642.raw
b18643	C1QL3	b18643	C1QL3	A	b18643.raw
b18644	ZFP42	b18644	ZFP42	A	b18644.raw
b18645	KLRC3	b18645	KLRC3	A	b18645.raw
b18647	ANKS4B	b18647	ANKS4B	A	b18647.raw
b18649	LHB	b18649	LHB	A	b18649.raw
b18652	EXOC6B	b18652	EXOC6B	A	b18652.raw
b18653	KIAA0226	b18653	KIAA0226	A	b18653.raw
b18654	RUNX2	b18654	RUNX2	A	b18654.raw
b18655	TCF15	b18655	TCF15	A	b18655.raw
b18656	ZNF492	b18656	ZNF492	A	b18656.raw
b18657	AS3MT	b18657	AS3MT	A	b18657.raw
b18658	HPR	b18658	HPR	A	b18658.raw
b18659	LBX2	b18659	LBX2	A	b18659.raw
b18660	TAS2R39	b18660	TAS2R39	A	b18660.raw
b18662	C16orf55	b18662	C16orf55	A	b18662.raw
b18665	GBX1	b18665	GBX1	A	b18665.raw
b18666	PRKD1	b18666	PRKD1	A	b18666.raw
b18671	PKMYT1	b18671	PKMYT1	A	b18671.raw
b18672	TAL1	b18672	TAL1	A	b18672.raw
b18673	CCNO	b18673	CCNO	A	b18673.raw
b18674	TSHZ2	b18674	TSHZ2	A	b18674.raw
b18675	NPVF	b18675	NPVF	A	b18675.raw
b18676	NAA11	b18676	NAA11	A	b18676.raw
b18677	UBXN7	b18677	UBXN7	A	b18677.raw
b18678	FMNL3	b18678	FMNL3	A	b18678.raw
b18696	ERCC4	b18696	ERCC4	A	b18696.raw
B20854	KRT34	B20854	KRT34	A	B20854.raw
B20855	TSPAN10	B20855	TSPAN10	A	B20855.raw
B20857	RPEL1	B20857	RPEL1	A	B20857.raw
B20859	CCT8L2	B20859	CCT8L2	A	B20859.raw
B20860	BANF2	B20860	BANF2	A	B20860.raw
B20861	GPR160	B20861	GPR160	A	B20861.raw
B20862	KCNIP1	B20862	KCNIP1	A	B20862.raw
B20865	PRKY	B20865	PRKY	A	B20865.raw
B20866	STARD5	B20866	STARD5	A	B20866.raw
B20869	LHFPL1	B20869	LHFPL1	A	B20869.raw
B20870	OR52B2	B20870	OR52B2	A	B20870.raw
B20871	PRR4	B20871	PRR4	A	B20871.raw
B20872	FAM81A	B20872	FAM81A	A	B20872.raw
B20875	OR14J1	B20875	OR14J1	A	B20875.raw
B20876	LMOD3	B20876	LMOD3	A	B20876.raw
B20877	OR6T1	B20877	OR6T1	A	B20877.raw
B20879	CHRNA7	B20879	CHRNA7	A	B20879.raw
B20881	LIN52	B20881	LIN52	A	B20881.raw
B20882	CTXN1	B20882	CTXN1	A	B20882.raw
B20883	LGI1	B20883	LGI1	A	B20883.raw
B20885	OR2T33	B20885	OR2T33	A	B20885.raw
B20888	PIP5K1B	B20888	PIP5K1B	A	B20888.raw
B20889	OR14I1	B20889	OR14I1	A	B20889.raw
B20890	GMCL1L	B20890	GMCL1L	A	B20890.raw
B20892	FAM27E3	B20892	FAM27E3	A	B20892.raw
B20893	MAFB	B20893	MAFB	A	B20893.raw
B20894	TCEA1	B20894	TCEA1	A	B20894.raw
B20896	C11orf10	B20896	C11orf10	A	B20896.raw
B20897	C6orf94	B20897	C6orf94	A	B20897.raw
B20898	ATP5L2	B20898	ATP5L2	A	B20898.raw
B20903	CACNG1	B20903	CACNG1	A	B20903.raw
B20904	OR1M1	B20904	OR1M1	A	B20904.raw
B20905	DPF1	B20905	DPF1	A	B20905.raw
B20906	OR2M7	B20906	OR2M7	A	B20906.raw
B20907	PTX3	B20907	PTX3	A	B20907.raw
B20908	PPCS	B20908	PPCS	A	B20908.raw
B20909	UFSP1	B20909	UFSP1	A	B20909.raw
B20911	KLRC2	B20911	KLRC2	A	B20911.raw
B20913	ADPRHL2	B20913	ADPRHL2	A	B20913.raw
B20915	DUXAP10	B20915	DUXAP10	A	B20915.raw
B20916	NEUROD4	B20916	NEUROD4	A	B20916.raw
B20917	OR4N4	B20917	OR4N4	A	B20917.raw
B20918	OR8A1	B20918	OR8A1	A	B20918.raw
B20920	CHRM5	B20920	CHRM5	A	B20920.raw
B20922	LRRC37A2	B20922	LRRC37A2	A	B20922.raw
B20924	KLRK1	B20924	KLRK1	A	B20924.raw
B20925	OR11H12	B20925	OR11H12	A	B20925.raw
B20926	CAB39	B20926	CAB39	A	B20926.raw
B20930	OR51B5	B20930	OR51B5	A	B20930.raw
B20931	RXRB	B20931	RXRB	A	B20931.raw
b3139	LMX1B	b3139	LMX1B	B	b3139.raw
b3140	ZDHHC9	b3140	ZDHHC9	B	b3140.raw
b3141	USP46	b3141	USP46	B	b3141.raw
b3142	INHA	b3142	INHA	B	b3142.raw
b3143	RIC3	b3143	RIC3	B	b3143.raw
b3144	MAB21L3	b3144	MAB21L3	B	b3144.raw
b3147	PSRC1	b3147	PSRC1	B	b3147.raw
b3154	POPDC2	b3154	POPDC2	B	b3154.raw
b3157	TSSK1B	b3157	TSSK1B	B	b3157.raw
b3158	CXCR7	b3158	CXCR7	B	b3158.raw
b3165	RAE1	b3165	RAE1	B	b3165.raw
b3168	NXF5	b3168	NXF5	B	b3168.raw
b3169	CDCA7	b3169	CDCA7	B	b3169.raw
b3170	FKSG43	b3170	FKSG43	B	b3170.raw
b3194	NHLRC2	b3194	NHLRC2	B	b3194.raw
b3197	EBNA1BP2	b3197	EBNA1BP2	B	b3197.raw
b3200	C20orf96	b3200	C20orf96	B	b3200.raw
b3201	HTR1E	b3201	HTR1E	B	b3201.raw
b3207	HTR1E	b3207	HTR1E	A	b3207.raw
b3208	C20orf96	b3208	C20orf96	A	b3208.raw
b3212	EBNA1BP2	b3212	EBNA1BP2	A	b3212.raw
b3532	C7orf46	b3532	C7orf46	B	b3532.raw
b3535	NIT2	b3535	NIT2	B	b3535.raw
b3536	SNAI3	b3536	SNAI3	B	b3536.raw
b3539	CNOT7	b3539	CNOT7	B	b3539.raw
b3541	STX5	b3541	STX5	B	b3541.raw
b3563	VDAC2	b3563	VDAC2	B	b3563.raw
b3564	TRAPPC10	b3564	TRAPPC10	B	b3564.raw
b3566	RPRD1A	b3566	RPRD1A	B	b3566.raw
b3568	TNFSF13B	b3568	TNFSF13B	B	b3568.raw
b3569	PTCRA	b3569	PTCRA	B	b3569.raw
b3570	SPATS1	b3570	SPATS1	B	b3570.raw
b3572	CSGALNACT1	b3572	CSGALNACT1	B	b3572.raw
b3573	CEBPE	b3573	CEBPE	B	b3573.raw
b3579	CTSZ	b3579	CTSZ	B	b3579.raw
b3580	STARD10	b3580	STARD10	B	b3580.raw
b3581	C15orf29	b3581	C15orf29	B	b3581.raw
b3582	FBXO6	b3582	FBXO6	B	b3582.raw
b3585	CAPZA2	b3585	CAPZA2	B	b3585.raw
b3586	AMMECR1	b3586	AMMECR1	B	b3586.raw
b3587	CCDC121	b3587	CCDC121	B	b3587.raw
b3591	SYNE2	b3591	SYNE2	B	b3591.raw
b3592	EFCAB4A	b3592	EFCAB4A	B	b3592.raw
b3594	CCNE2	b3594	CCNE2	B	b3594.raw
b3595	IYD	b3595	IYD	B	b3595.raw
b3596	RAB40AL	b3596	RAB40AL	B	b3596.raw
b3599	FAM175A	b3599	FAM175A	B	b3599.raw
b3604	ITGA4	b3604	ITGA4	B	b3604.raw
b3605	RASSF6	b3605	RASSF6	B	b3605.raw
b3606	WDR92	b3606	WDR92	B	b3606.raw
b3607	CCDC146	b3607	CCDC146	B	b3607.raw
b3608	POPDC3	b3608	POPDC3	B	b3608.raw
b3609	ZNF277	b3609	ZNF277	B	b3609.raw
b3613	SETD3	b3613	SETD3	B	b3613.raw
b3614	NOSIP	b3614	NOSIP	B	b3614.raw
b3615	CNN1	b3615	CNN1	B	b3615.raw
b3624	EXOSC8	b3624	EXOSC8	B	b3624.raw
b3625	EDA2R	b3625	EDA2R	B	b3625.raw
b3626	XRCC2	b3626	XRCC2	B	b3626.raw
b3628	SGCD	b3628	SGCD	B	b3628.raw
b3629	COLEC10	b3629	COLEC10	B	b3629.raw
b3630	F3	b3630	F3	B	b3630.raw
b3631	KIAA0247	b3631	KIAA0247	B	b3631.raw
b3632	PPAP2A	b3632	PPAP2A	B	b3632.raw
b3637	TBC1D3F	b3637	TBC1D3F	B	b3637.raw
b3638	FBXO25	b3638	FBXO25	B	b3638.raw
b3639	CXorf21	b3639	CXorf21	B	b3639.raw
b3640	GTDC1	b3640	GTDC1	B	b3640.raw
b3643	ODF3L1	b3643	ODF3L1	B	b3643.raw
b3653	C3orf32	b3653	C3orf32	B	b3653.raw
b3654	GLYATL1	b3654	GLYATL1	B	b3654.raw
b3656	HSD17B11	b3656	HSD17B11	B	b3656.raw
b3657	MRPL46	b3657	MRPL46	B	b3657.raw
b3658	ZC3H8	b3658	ZC3H8	B	b3658.raw
b3669	DHRS2	b3669	DHRS2	B	b3669.raw
b3670	C19orf46	b3670	C19orf46	B	b3670.raw
b3671	HNMT	b3671	HNMT	B	b3671.raw
b3673	GGPS1	b3673	GGPS1	B	b3673.raw
b3674	LDB3	b3674	LDB3	B	b3674.raw
b3676	GK5	b3676	GK5	B	b3676.raw
b3799	CLN8	b3799	CLN8	B	b3799.raw
b3800	ELOVL2	b3800	ELOVL2	B	b3800.raw
b3801	C3orf32	b3801	C3orf32	A	b3801.raw
b5698	FBXL3	b5698	FBXL3	B	b5698.raw
b5701	KIAA1949	b5701	KIAA1949	B	b5701.raw
b5702	SLC39A4	b5702	SLC39A4	B	b5702.raw
b5703	RBPJ	b5703	RBPJ	B	b5703.raw
b5707	CXADR	b5707	CXADR	B	b5707.raw
b5708	SDF4	b5708	SDF4	B	b5708.raw
b5709	OBFC1	b5709	OBFC1	B	b5709.raw
b5714	PVRL3	b5714	PVRL3	B	b5714.raw
b5716	SERPINA6	b5716	SERPINA6	B	b5716.raw
b5717	DNM3	b5717	DNM3	B	b5717.raw
b5718	NUP50	b5718	NUP50	B	b5718.raw
b5719	CD244	b5719	CD244	B	b5719.raw
b5720	C9orf156	b5720	C9orf156	B	b5720.raw
b5721	SMPD1	b5721	SMPD1	B	b5721.raw
b5722	KIAA1456	b5722	KIAA1456	B	b5722.raw
b5723	ZNF707	b5723	ZNF707	B	b5723.raw
b5728	USP38	b5728	USP38	B	b5728.raw
b5729	TRIM16	b5729	TRIM16	B	b5729.raw
b5730	MCAM	b5730	MCAM	B	b5730.raw
b5731	CDCA7L	b5731	CDCA7L	B	b5731.raw
b5732	AHSG	b5732	AHSG	B	b5732.raw
b5734	GABRE	b5734	GABRE	B	b5734.raw
b5735	PSAT1	b5735	PSAT1	B	b5735.raw
b5736	PARVA	b5736	PARVA	B	b5736.raw
b5737	HMBS	b5737	HMBS	B	b5737.raw
b5746	FAM188A	b5746	FAM188A	B	b5746.raw
b5747	B3GNT3	b5747	B3GNT3	B	b5747.raw
b5748	DCTN1	b5748	DCTN1	B	b5748.raw
b5749	IGSF8	b5749	IGSF8	B	b5749.raw
b5751	DLD	b5751	DLD	B	b5751.raw
b5752	AUP1	b5752	AUP1	B	b5752.raw
b5753	IDH3A	b5753	IDH3A	B	b5753.raw
b5754	ARPC1A	b5754	ARPC1A	B	b5754.raw
b5756	USP18	b5756	USP18	B	b5756.raw
b5763	MMRN1	b5763	MMRN1	B	b5763.raw
b5764	PPARD	b5764	PPARD	B	b5764.raw
b5765	MYT1	b5765	MYT1	B	b5765.raw
b5766	PABPC5	b5766	PABPC5	B	b5766.raw
b5767	ANKRD16	b5767	ANKRD16	B	b5767.raw
b5769	TTC23L	b5769	TTC23L	B	b5769.raw
b5770	SDC3	b5770	SDC3	B	b5770.raw
b5771	GRINL1A	b5771	GRINL1A	B	b5771.raw
b5776	PRKAR2B	b5776	PRKAR2B	B	b5776.raw
b5777	GPR52	b5777	GPR52	B	b5777.raw
b5778	HLA-B	b5778	HLA-B	B	b5778.raw
b5779	LMNA	b5779	LMNA	B	b5779.raw
b5780	GMPR2	b5780	GMPR2	B	b5780.raw
b5781	PNMA2	b5781	PNMA2	B	b5781.raw
b5783	POGZ	b5783	POGZ	B	b5783.raw
b5784	GLUL	b5784	GLUL	B	b5784.raw
b5785	H2AFY2	b5785	H2AFY2	B	b5785.raw
b5789	CLEC18A	b5789	CLEC18A	B	b5789.raw
b5791	PHF15	b5791	PHF15	B	b5791.raw
b5792	DNAJC11	b5792	DNAJC11	B	b5792.raw
b5793	ARHGEF10	b5793	ARHGEF10	B	b5793.raw
b5794	RSAD2	b5794	RSAD2	B	b5794.raw
b5795	PARD6B	b5795	PARD6B	B	b5795.raw
b5796	CREB3	b5796	CREB3	B	b5796.raw
b5797	LIPT1	b5797	LIPT1	B	b5797.raw
b5798	HLA-C	b5798	HLA-C	B	b5798.raw
b5803	ADH1C	b5803	ADH1C	B	b5803.raw
b5804	DZIP3	b5804	DZIP3	B	b5804.raw
b5805	TEAD4	b5805	TEAD4	B	b5805.raw
b5806	NT5E	b5806	NT5E	B	b5806.raw
b5807	C8orf45	b5807	C8orf45	B	b5807.raw
b5808	VASP	b5808	VASP	B	b5808.raw
b5809	GPR183	b5809	GPR183	B	b5809.raw
b5810	PEX3	b5810	PEX3	B	b5810.raw
b5811	SLC35C1	b5811	SLC35C1	B	b5811.raw
b5812	SSBP2	b5812	SSBP2	B	b5812.raw
b8578	TBL1Y	b8578	TBL1Y	B	b8578.raw
b8579	ZMYND11	b8579	ZMYND11	B	b8579.raw
b8580	ZNF238	b8580	ZNF238	B	b8580.raw
b8581	SNX1	b8581	SNX1	B	b8581.raw
b8582	POLE2	b8582	POLE2	B	b8582.raw
b8583	ZNF449	b8583	ZNF449	B	b8583.raw
b8584	DYNC1LI1	b8584	DYNC1LI1	B	b8584.raw
b8585	VANGL1	b8585	VANGL1	B	b8585.raw
b8586	CYP4F12	b8586	CYP4F12	B	b8586.raw
b8587	TNK2	b8587	TNK2	B	b8587.raw
b8588	DYRK4	b8588	DYRK4	B	b8588.raw
b8589	DPYS	b8589	DPYS	B	b8589.raw
b8593	TIGD6	b8593	TIGD6	B	b8593.raw
b8594	FBXW11	b8594	FBXW11	B	b8594.raw
b8595	PLXNA4	b8595	PLXNA4	B	b8595.raw
b8597	CAT	b8597	CAT	B	b8597.raw
b8598	TMEM209	b8598	TMEM209	B	b8598.raw
b8599	FAM98A	b8599	FAM98A	B	b8599.raw
b8600	NAB2	b8600	NAB2	B	b8600.raw
b8601	ATP5B	b8601	ATP5B	B	b8601.raw
b8603	MARCO	b8603	MARCO	B	b8603.raw
b8604	TCP11L2	b8604	TCP11L2	B	b8604.raw
b8608	PDE4D	b8608	PDE4D	A	b8608.raw
b8609	FLVCR2	b8609	FLVCR2	A	b8609.raw
b8610	WHSC2	b8610	WHSC2	A	b8610.raw
b8611	LAP3	b8611	LAP3	A	b8611.raw
b8612	CDC16	b8612	CDC16	A	b8612.raw
b8613	C17orf53	b8613	C17orf53	A	b8613.raw
b8614	ASB3	b8614	ASB3	A	b8614.raw
b8615	OMA1	b8615	OMA1	A	b8615.raw
b8616	ALPI	b8616	ALPI	A	b8616.raw
b8617	VNN2	b8617	VNN2	A	b8617.raw
b8621	SYNCRIP	b8621	SYNCRIP	A	b8621.raw
b8623	ACCN2	b8623	ACCN2	A	b8623.raw
b8624	OCLN	b8624	OCLN	A	b8624.raw
b8625	ATG9A	b8625	ATG9A	A	b8625.raw
b8626	PDZK1	b8626	PDZK1	A	b8626.raw
b8627	SLC1A1	b8627	SLC1A1	A	b8627.raw
b8628	UGT2A3	b8628	UGT2A3	A	b8628.raw
b8629	USP3	b8629	USP3	A	b8629.raw
b8633	VANGL2	b8633	VANGL2	B	b8633.raw
b8634	SIAE	b8634	SIAE	B	b8634.raw
b8635	CDK17	b8635	CDK17	B	b8635.raw
b8636	CORO2A	b8636	CORO2A	B	b8636.raw
b8637	ZNF572	b8637	ZNF572	B	b8637.raw
b8647	PNLDC1	b8647	PNLDC1	B	b8647.raw
b8649	APEX2	b8649	APEX2	B	b8649.raw
b8650	MFSD8	b8650	MFSD8	B	b8650.raw
b8651	LRRTM1	b8651	LRRTM1	B	b8651.raw
b8652	ZNF768	b8652	ZNF768	B	b8652.raw
b8653	PFKFB3	b8653	PFKFB3	B	b8653.raw
b8654	NHEDC2	b8654	NHEDC2	B	b8654.raw
b8655	GPR114	b8655	GPR114	B	b8655.raw
b8656	TBX22	b8656	TBX22	B	b8656.raw
b8657	CAMKK1	b8657	CAMKK1	B	b8657.raw
b8659	ALPL	b8659	ALPL	B	b8659.raw
b8661	OXCT1	b8661	OXCT1	B	b8661.raw
b8662	FBXO7	b8662	FBXO7	B	b8662.raw
b8663	ZNF454	b8663	ZNF454	B	b8663.raw
b8667	QRSL1	b8667	QRSL1	B	b8667.raw
b8669	KBTBD4	b8669	KBTBD4	B	b8669.raw
b8672	UGT3A2	b8672	UGT3A2	B	b8672.raw
b8673	MAOA	b8673	MAOA	B	b8673.raw
b8675	PRPF4	b8675	PRPF4	B	b8675.raw
b8679	GPR161	b8679	GPR161	B	b8679.raw
b8680	HEXA	b8680	HEXA	B	b8680.raw
b8681	C16orf71	b8681	C16orf71	B	b8681.raw
b8687	TULP2	b8687	TULP2	B	b8687.raw
b8688	DEPDC1	b8688	DEPDC1	B	b8688.raw
b8690	BAIAP2	b8690	BAIAP2	B	b8690.raw
b8691	DCT	b8691	DCT	B	b8691.raw
b8692	CREB3L1	b8692	CREB3L1	B	b8692.raw
b9103	YAF2	b9103	YAF2	A	b9103.raw
b9104	GJB7	b9104	GJB7	A	b9104.raw
b9105	RIT1	b9105	RIT1	A	b9105.raw
b9106	TMEM182	b9106	TMEM182	A	b9106.raw
b9107	IFNW1	b9107	IFNW1	A	b9107.raw
b9108	RAB41	b9108	RAB41	A	b9108.raw
b9109	DTD1	b9109	DTD1	A	b9109.raw
b9110	RAB5C	b9110	RAB5C	A	b9110.raw
b9112	IL22RA2	b9112	IL22RA2	A	b9112.raw
b9113	NEK2	b9113	NEK2	A	b9113.raw
b9117	SCN3B	b9117	SCN3B	A	b9117.raw
b9118	HTR3D	b9118	HTR3D	A	b9118.raw
b9119	C9orf139	b9119	C9orf139	A	b9119.raw
b9120	IL29	b9120	IL29	A	b9120.raw
b9121	BCL7A	b9121	BCL7A	A	b9121.raw
b9122	BAG2	b9122	BAG2	A	b9122.raw
b9123	ARHGEF38	b9123	ARHGEF38	A	b9123.raw
b9124	SULT1C4	b9124	SULT1C4	A	b9124.raw
b9125	CNTF	b9125	CNTF	A	b9125.raw
b9129	RABL2A	b9129	RABL2A	B	b9129.raw
b9130	IFNA1	b9130	IFNA1	B	b9130.raw
b9131	LHFPL4	b9131	LHFPL4	B	b9131.raw
b9132	C16orf54	b9132	C16orf54	B	b9132.raw
b9133	RECK	b9133	RECK	B	b9133.raw
b9134	C10orf107	b9134	C10orf107	B	b9134.raw
b9136	UBAC2	b9136	UBAC2	B	b9136.raw
b9137	PRR20A	b9137	PRR20A	B	b9137.raw
b9138	TM2D2	b9138	TM2D2	B	b9138.raw
b9139	LIM2	b9139	LIM2	B	b9139.raw
b9141	EXOG	b9141	EXOG	B	b9141.raw
b9143	RAB28	b9143	RAB28	B	b9143.raw
b9144	ZNF428	b9144	ZNF428	B	b9144.raw
b9149	OAZ3	b9149	OAZ3	B	b9149.raw
b9151	HIST1H1E	b9151	HIST1H1E	B	b9151.raw
b9152	CRYBB3	b9152	CRYBB3	B	b9152.raw
b9165	PRR16	b9165	PRR16	B	b9165.raw
b9166	NKAIN4	b9166	NKAIN4	B	b9166.raw
b9168	C11orf85	b9168	C11orf85	A	b9168.raw
b9169	CD79A	b9169	CD79A	A	b9169.raw
b9170	TICAM2	b9170	TICAM2	A	b9170.raw
b9171	BCL2L2	b9171	BCL2L2	A	b9171.raw
b9172	C9orf106	b9172	C9orf106	A	b9172.raw
b9173	C3orf43	b9173	C3orf43	A	b9173.raw
b9174	C18orf21	b9174	C18orf21	A	b9174.raw
b9175	C19orf39	b9175	C19orf39	A	b9175.raw
b9176	REEP1	b9176	REEP1	A	b9176.raw
b9187	ASB14	b9187	ASB14	B	b9187.raw
b9188	OFCC1	b9188	OFCC1	B	b9188.raw
b9189	SYNGR4	b9189	SYNGR4	B	b9189.raw
b9190	C12orf69	b9190	C12orf69	B	b9190.raw
b9193	RWDD4	b9193	RWDD4	B	b9193.raw
b9195	ZNF586	b9195	ZNF586	B	b9195.raw
b9213	FGFRL1	b9213	FGFRL1	A	b9213.raw
b9216	PRCC	b9216	PRCC	A	b9216.raw
b9217	GCM2	b9217	GCM2	A	b9217.raw
b9218	SASS6	b9218	SASS6	A	b9218.raw
b9222	NMD3	b9222	NMD3	A	b9222.raw
b9223	ZNF512	b9223	ZNF512	A	b9223.raw
b9224	ATF2	b9224	ATF2	A	b9224.raw
b9225	USP14	b9225	USP14	A	b9225.raw
b9226	PRPF19	b9226	PRPF19	A	b9226.raw
b9227	TBC1D22B	b9227	TBC1D22B	A	b9227.raw
b9228	PRPF31	b9228	PRPF31	A	b9228.raw
b9229	FSCN2	b9229	FSCN2	A	b9229.raw
b9230	RSL1D1	b9230	RSL1D1	A	b9230.raw
b9233	ZC3HC1	b9233	ZC3HC1	A	b9233.raw
b9234	EPB41L5	b9234	EPB41L5	A	b9234.raw
b9235	LIPG	b9235	LIPG	A	b9235.raw
b9236	AGXT2L1	b9236	AGXT2L1	A	b9236.raw
b9237	CAMKV	b9237	CAMKV	A	b9237.raw
b9238	ZSCAN5A	b9238	ZSCAN5A	A	b9238.raw
b9239	FAM114A2	b9239	FAM114A2	A	b9239.raw
b9240	TTC7A	b9240	TTC7A	A	b9240.raw
b9241	LIPC	b9241	LIPC	A	b9241.raw
b9242	ZNF517	b9242	ZNF517	A	b9242.raw
b9243	PRKAG3	b9243	PRKAG3	A	b9243.raw
b9247	AMIGO3	b9247	AMIGO3	B	b9247.raw
b9248	HARS2	b9248	HARS2	B	b9248.raw
b9249	CDC20	b9249	CDC20	B	b9249.raw
b9250	SLC2A6	b9250	SLC2A6	B	b9250.raw
b9251	WASL	b9251	WASL	B	b9251.raw
b9252	PSMD5	b9252	PSMD5	B	b9252.raw
b9253	KLHL29	b9253	KLHL29	B	b9253.raw
b9254	ALDH1L1	b9254	ALDH1L1	B	b9254.raw
b9257	CYP2S1	b9257	CYP2S1	A	b9257.raw
b9258	PNPLA2	b9258	PNPLA2	A	b9258.raw
b9259	TEKT3	b9259	TEKT3	A	b9259.raw
b9260	CCDC88C	b9260	CCDC88C	A	b9260.raw
b9262	SLC2A5	b9262	SLC2A5	A	b9262.raw
b9264	UBAP1	b9264	UBAP1	A	b9264.raw
b9265	NEU4	b9265	NEU4	A	b9265.raw
b9354	RNF6	b9354	RNF6	A	b9354.raw
b9355	NCSTN	b9355	NCSTN	A	b9355.raw
b9356	ACSBG2	b9356	ACSBG2	A	b9356.raw
b9357	KIF2B	b9357	KIF2B	A	b9357.raw
b9358	BMX	b9358	BMX	A	b9358.raw
b9359	LZTS2	b9359	LZTS2	A	b9359.raw
b9360	DPYSL3	b9360	DPYSL3	A	b9360.raw
b9361	FANCM	b9361	FANCM	A	b9361.raw
b9362	PRDM1	b9362	PRDM1	A	b9362.raw
b9363	PLK1S1	b9363	PLK1S1	A	b9363.raw
b9366	ALOX5	b9366	ALOX5	B	b9366.raw
b9367	SLC39A12	b9367	SLC39A12	B	b9367.raw
b9369	VASN	b9369	VASN	B	b9369.raw
b9370	KIF22	b9370	KIF22	B	b9370.raw
b9371	FLRT1	b9371	FLRT1	B	b9371.raw
b9372	NALCN	b9372	NALCN	B	b9372.raw
b9373	LIMK2	b9373	LIMK2	B	b9373.raw
b9374	FAM190A	b9374	FAM190A	B	b9374.raw
b9375	FAM189B	b9375	FAM189B	B	b9375.raw
b9379	CD6	b9379	CD6	A	b9379.raw
b9380	CIRH1A	b9380	CIRH1A	A	b9380.raw
b9381	GFPT2	b9381	GFPT2	A	b9381.raw
b9382	FBXL5	b9382	FBXL5	A	b9382.raw
b9383	FBXO30	b9383	FBXO30	A	b9383.raw
b9384	HSPA9	b9384	HSPA9	A	b9384.raw
b9386	LCA5L	b9386	LCA5L	A	b9386.raw
b9387	PCDHA10	b9387	PCDHA10	A	b9387.raw
b9388	PRKCA	b9388	PRKCA	A	b9388.raw
b9391	ABCG8	b9391	ABCG8	B	b9391.raw
b9392	DNA2	b9392	DNA2	B	b9392.raw
b9393	DBF4	b9393	DBF4	B	b9393.raw
b9394	HBS1L	b9394	HBS1L	B	b9394.raw
b9395	BBS7	b9395	BBS7	B	b9395.raw
b9396	SLC20A1	b9396	SLC20A1	B	b9396.raw
b9401	CAPN13	b9401	CAPN13	B	b9401.raw
b9402	TRPM8	b9402	TRPM8	B	b9402.raw
b9403	KIF2A	b9403	KIF2A	B	b9403.raw
b9404	DDX31	b9404	DDX31	B	b9404.raw
b9405	PRKG1	b9405	PRKG1	B	b9405.raw
b9406	RHPN1	b9406	RHPN1	B	b9406.raw
b9407	POLR3E	b9407	POLR3E	B	b9407.raw
b9408	ACOX2	b9408	ACOX2	B	b9408.raw
b9443	GIMAP8	b9443	GIMAP8	B	b9443.raw
b9445	LRRC45	b9445	LRRC45	B	b9445.raw
b9446	SLC25A13	b9446	SLC25A13	B	b9446.raw
b9447	ESRP1	b9447	ESRP1	B	b9447.raw
b9481	CSN2	b9481	CSN2	C	b9481.raw
b9482	PRG3	b9482	PRG3	C	b9482.raw
b9484	SPATA12	b9484	SPATA12	C	b9484.raw
b9486	DKK4	b9486	DKK4	C	b9486.raw
b9487	SCN3B	b9487	SCN3B	C	b9487.raw
b9647	SCFD2	b9647	SCFD2	B	b9647.raw
b9958	DBF4	b9958	DBF4	C	b9958.raw
b9959	RHPN1	b9959	RHPN1	C	b9959.raw
b9960	PRKG1	b9960	PRKG1	C	b9960.raw
b9962	ANXA6	b9962	ANXA6	A	b9962.raw
j10274	ZNF428	j10274	ZNF428	A	j10274.raw
j10275	RAB28	j10275	RAB28	A	j10275.raw
j10277	EXOG	j10277	EXOG	A	j10277.raw
j10279	LIM2	j10279	LIM2	A	j10279.raw
j10280	TM2D2	j10280	TM2D2	A	j10280.raw
j10281	PRR20A	j10281	PRR20A	A	j10281.raw
j10282	UBAC2	j10282	UBAC2	A	j10282.raw
j10286	NKAIN4	j10286	NKAIN4	A	j10286.raw
j10287	PRR16	j10287	PRR16	A	j10287.raw
j10288	DKK4	j10288	DKK4	A	j10288.raw
j10290	SPATA12	j10290	SPATA12	A	j10290.raw
j10292	PRG3	j10292	PRG3	A	j10292.raw
j10293	CRYBB3	j10293	CRYBB3	A	j10293.raw
j10294	HIST1H1E	j10294	HIST1H1E	A	j10294.raw
j10295	CSN2	j10295	CSN2	A	j10295.raw
j10296	OAZ3	j10296	OAZ3	A	j10296.raw
j10300	MAU2	j10300	MAU2	B	j10300.raw
j10302	CRP	j10302	CRP	B	j10302.raw
j10303	MOBKL2C	j10303	MOBKL2C	B	j10303.raw
j10304	TNNI3	j10304	TNNI3	B	j10304.raw
j10306	IFNA4	j10306	IFNA4	B	j10306.raw
j10307	TTLL9	j10307	TTLL9	B	j10307.raw
j10309	SOCS3	j10309	SOCS3	B	j10309.raw
j10310	RAB15	j10310	RAB15	B	j10310.raw
j10313	CNTF	j10313	CNTF	B	j10313.raw
j10314	SULT1C4	j10314	SULT1C4	B	j10314.raw
j10315	ARHGEF38	j10315	ARHGEF38	B	j10315.raw
j10316	BAG2	j10316	BAG2	B	j10316.raw
j10317	BCL7A	j10317	BCL7A	B	j10317.raw
j10318	IL29	j10318	IL29	B	j10318.raw
j10319	C9orf139	j10319	C9orf139	B	j10319.raw
j10320	HTR3D	j10320	HTR3D	B	j10320.raw
j10327	NEK2	j10327	NEK2	B	j10327.raw
j10328	IL22RA2	j10328	IL22RA2	B	j10328.raw
j10330	RAB5C	j10330	RAB5C	B	j10330.raw
j10331	DTD1	j10331	DTD1	B	j10331.raw
j10332	RAB41	j10332	RAB41	B	j10332.raw
j10333	IFNW1	j10333	IFNW1	B	j10333.raw
j10334	TMEM182	j10334	TMEM182	B	j10334.raw
j10335	RIT1	j10335	RIT1	B	j10335.raw
j10336	GJB7	j10336	GJB7	B	j10336.raw
j10337	YAF2	j10337	YAF2	B	j10337.raw
j10342	C12orf69	j10342	C12orf69	A	j10342.raw
j10343	SYNGR4	j10343	SYNGR4	A	j10343.raw
j10344	OFCC1	j10344	OFCC1	A	j10344.raw
j10345	ASB14	j10345	ASB14	A	j10345.raw
j10363	REEP1	j10363	REEP1	B	j10363.raw
j10364	C19orf39	j10364	C19orf39	B	j10364.raw
j10365	C18orf21	j10365	C18orf21	B	j10365.raw
j10366	C3orf43	j10366	C3orf43	B	j10366.raw
j10367	C9orf106	j10367	C9orf106	B	j10367.raw
j10368	BCL2L2	j10368	BCL2L2	B	j10368.raw
j10369	TICAM2	j10369	TICAM2	B	j10369.raw
j10370	CD79A	j10370	CD79A	B	j10370.raw
j10371	C11orf85	j10371	C11orf85	B	j10371.raw
j10382	CRISPLD1	j10382	CRISPLD1	A	j10382.raw
j10383	TRAF2	j10383	TRAF2	A	j10383.raw
j10384	INTS4	j10384	INTS4	A	j10384.raw
j10385	DHX30	j10385	DHX30	A	j10385.raw
j10386	PLB1	j10386	PLB1	A	j10386.raw
j10387	ANGPT2	j10387	ANGPT2	A	j10387.raw
j10388	THUMPD3	j10388	THUMPD3	A	j10388.raw
j10389	CHD2	j10389	CHD2	A	j10389.raw
j10390	GDF5	j10390	GDF5	A	j10390.raw
j10391	RFTN2	j10391	RFTN2	A	j10391.raw
j10392	CYP2A7	j10392	CYP2A7	A	j10392.raw
j10393	ZSCAN22	j10393	ZSCAN22	A	j10393.raw
j10396	CYP3A5	j10396	CYP3A5	A	j10396.raw
j10397	PDHX	j10397	PDHX	A	j10397.raw
j10398	SHMT2	j10398	SHMT2	A	j10398.raw
j10399	SLC24A5	j10399	SLC24A5	A	j10399.raw
j10400	NF2	j10400	NF2	A	j10400.raw
j10401	TFCP2	j10401	TFCP2	A	j10401.raw
j10402	C10orf2	j10402	C10orf2	A	j10402.raw
j10403	HHAT	j10403	HHAT	A	j10403.raw
j10404	SMYD1	j10404	SMYD1	A	j10404.raw
j10407	ALDH1L1	j10407	ALDH1L1	A	j10407.raw
j10408	KLHL29	j10408	KLHL29	A	j10408.raw
j10409	PSMD5	j10409	PSMD5	A	j10409.raw
j10410	WASL	j10410	WASL	A	j10410.raw
j10411	SLC2A6	j10411	SLC2A6	A	j10411.raw
j10412	CDC20	j10412	CDC20	A	j10412.raw
j10413	HARS2	j10413	HARS2	A	j10413.raw
j10414	AMIGO3	j10414	AMIGO3	A	j10414.raw
j10419	KCNJ3	j10419	KCNJ3	A	j10419.raw
j10420	ACCS	j10420	ACCS	A	j10420.raw
j10421	ACVRL1	j10421	ACVRL1	A	j10421.raw
j10422	ANXA11	j10422	ANXA11	A	j10422.raw
j10423	CLCC1	j10423	CLCC1	A	j10423.raw
j10424	CYP2E1	j10424	CYP2E1	A	j10424.raw
j10425	FMN1	j10425	FMN1	A	j10425.raw
j10426	OXA1L	j10426	OXA1L	A	j10426.raw
j10427	TXNRD2	j10427	TXNRD2	A	j10427.raw
j10431	PRKAG3	j10431	PRKAG3	B	j10431.raw
j10432	ZNF517	j10432	ZNF517	B	j10432.raw
j10433	LIPC	j10433	LIPC	B	j10433.raw
j10434	TTC7A	j10434	TTC7A	B	j10434.raw
j10435	FAM114A2	j10435	FAM114A2	B	j10435.raw
j10436	ZSCAN5A	j10436	ZSCAN5A	B	j10436.raw
j10437	CAMKV	j10437	CAMKV	B	j10437.raw
j10438	AGXT2L1	j10438	AGXT2L1	B	j10438.raw
j10439	LIPG	j10439	LIPG	B	j10439.raw
j10440	EPB41L5	j10440	EPB41L5	B	j10440.raw
j10441	ZC3HC1	j10441	ZC3HC1	B	j10441.raw
j10445	SLC2A5	j10445	SLC2A5	B	j10445.raw
j10447	CCDC88C	j10447	CCDC88C	B	j10447.raw
j10448	TEKT3	j10448	TEKT3	B	j10448.raw
j10449	PNPLA2	j10449	PNPLA2	B	j10449.raw
j10450	CYP2S1	j10450	CYP2S1	B	j10450.raw
j10488	NEU4	j10488	NEU4	B	j10488.raw
j10489	UBAP1	j10489	UBAP1	B	j10489.raw
j10538	PLK1S1	j10538	PLK1S1	B	j10538.raw
j10539	PRDM1	j10539	PRDM1	B	j10539.raw
j10540	FANCM	j10540	FANCM	B	j10540.raw
j10541	DPYSL3	j10541	DPYSL3	B	j10541.raw
j10542	LZTS2	j10542	LZTS2	B	j10542.raw
j10543	BMX	j10543	BMX	B	j10543.raw
j10544	KIF2B	j10544	KIF2B	B	j10544.raw
j10545	ACSBG2	j10545	ACSBG2	B	j10545.raw
j10546	NCSTN	j10546	NCSTN	B	j10546.raw
j10547	RNF6	j10547	RNF6	B	j10547.raw
j10550	ACOX2	j10550	ACOX2	A	j10550.raw
j10551	POLR3E	j10551	POLR3E	A	j10551.raw
j10554	DDX31	j10554	DDX31	A	j10554.raw
j10555	KIF2A	j10555	KIF2A	A	j10555.raw
j10556	TRPM8	j10556	TRPM8	A	j10556.raw
j10557	CAPN13	j10557	CAPN13	A	j10557.raw
j10560	PRKCA	j10560	PRKCA	B	j10560.raw
j10561	PCDHA10	j10561	PCDHA10	B	j10561.raw
j10562	LCA5L	j10562	LCA5L	B	j10562.raw
j10564	HSPA9	j10564	HSPA9	B	j10564.raw
j10565	FBXO30	j10565	FBXO30	B	j10565.raw
j10566	FBXL5	j10566	FBXL5	B	j10566.raw
j10567	GFPT2	j10567	GFPT2	B	j10567.raw
j10568	CIRH1A	j10568	CIRH1A	B	j10568.raw
j10569	CD6	j10569	CD6	B	j10569.raw
j10572	ANXA6	j10572	ANXA6	B	j10572.raw
j10573	TNXB	j10573	TNXB	B	j10573.raw
j10574	PAK6	j10574	PAK6	B	j10574.raw
j10575	ATMIN	j10575	ATMIN	B	j10575.raw
j10576	OAS2	j10576	OAS2	B	j10576.raw
j10778	FERMT2	j10778	FERMT2	B	j10778.raw
j10779	ALOX15B	j10779	ALOX15B	B	j10779.raw
j10780	MPP5	j10780	MPP5	B	j10780.raw
j10781	TP63	j10781	TP63	B	j10781.raw
j10782	GLB1	j10782	GLB1	B	j10782.raw
j10783	SYDE1	j10783	SYDE1	B	j10783.raw
j10784	RPH3A	j10784	RPH3A	B	j10784.raw
j10785	SH3KBP1	j10785	SH3KBP1	B	j10785.raw
j10786	WDTC1	j10786	WDTC1	B	j10786.raw
j10787	SCEL	j10787	SCEL	B	j10787.raw
j10936	OXA1L	j10936	OXA1L	C	j10936.raw
j10937	CYP2E1	j10937	CYP2E1	C	j10937.raw
j13305	NOP2	j13305	NOP2	A	j13305.raw
j13306	NAA15	j13306	NAA15	A	j13306.raw
j13307	GTF3C3	j13307	GTF3C3	A	j13307.raw
j13308	SLC14A2	j13308	SLC14A2	A	j13308.raw
j13309	ENPEP	j13309	ENPEP	A	j13309.raw
j13310	IGHMBP2	j13310	IGHMBP2	A	j13310.raw
j13311	LLGL2	j13311	LLGL2	A	j13311.raw
j13312	PPP2R3A	j13312	PPP2R3A	A	j13312.raw
j13313	CGN	j13313	CGN	A	j13313.raw
j13314	CGNL1	j13314	CGNL1	A	j13314.raw
j13317	COPG	j13317	COPG	A	j13317.raw
j13318	OCRL	j13318	OCRL	A	j13318.raw
j13319	PLEKHG5	j13319	PLEKHG5	A	j13319.raw
j13320	MAGEE1	j13320	MAGEE1	A	j13320.raw
j13321	KANK4	j13321	KANK4	A	j13321.raw
j13322	TUBGCP5	j13322	TUBGCP5	A	j13322.raw
j13323	LRIG1	j13323	LRIG1	A	j13323.raw
j13324	MAML2	j13324	MAML2	A	j13324.raw
j13325	CHL1	j13325	CHL1	A	j13325.raw
j13326	MAPK8IP3	j13326	MAPK8IP3	A	j13326.raw
j13327	YBEY	j13327	YBEY	A	j13327.raw
j13329	EXOC1	j13329	EXOC1	A	j13329.raw
j13330	LRRCC1	j13330	LRRCC1	A	j13330.raw
j13331	SART3	j13331	SART3	A	j13331.raw
j13333	TRHDE	j13333	TRHDE	A	j13333.raw
j13334	THBS2	j13334	THBS2	A	j13334.raw
j13335	AGRP	j13335	AGRP	A	j13335.raw
j13378	GANAB	j13378	GANAB	A	j13378.raw
j13379	ANO6	j13379	ANO6	A	j13379.raw
j13380	ERAP1	j13380	ERAP1	A	j13380.raw
j13381	SYCP1	j13381	SYCP1	A	j13381.raw
j13382	SEMA6D	j13382	SEMA6D	A	j13382.raw
j13383	KRBA1	j13383	KRBA1	A	j13383.raw
j13389	TLR5	j13389	TLR5	A	j13389.raw
j13390	CHSY3	j13390	CHSY3	A	j13390.raw
j13391	PCDHA9	j13391	PCDHA9	A	j13391.raw
j13392	BMP1	j13392	BMP1	A	j13392.raw
j13393	PHF20	j13393	PHF20	A	j13393.raw
j13394	DCLRE1A	j13394	DCLRE1A	A	j13394.raw
j13395	RANBP6	j13395	RANBP6	A	j13395.raw
j13396	PTPN14	j13396	PTPN14	A	j13396.raw
j13397	TECPR2	j13397	TECPR2	A	j13397.raw
j13398	PTPRU	j13398	PTPRU	A	j13398.raw
j13399	TRPC5	j13399	TRPC5	A	j13399.raw
j13407	NSMAF	j13407	NSMAF	B	j13407.raw
j13408	ECT2	j13408	ECT2	B	j13408.raw
j14220	DEFB123	j14220	DEFB123	B	j14220.raw
j14222	ST13	j14222	ST13	B	j14222.raw
j14224	GNG10	j14224	GNG10	B	j14224.raw
j14225	LST1	j14225	LST1	B	j14225.raw
j14229	FAM165B	j14229	FAM165B	B	j14229.raw
j14232	NDUFA1	j14232	NDUFA1	B	j14232.raw
j14246	OAZ1	j14246	OAZ1	A	j14246.raw
j14252	C5orf62	j14252	C5orf62	A	j14252.raw
j14260	SBDSP1	j14260	SBDSP1	A	j14260.raw
j14262	GNG5	j14262	GNG5	A	j14262.raw
j14268	POLR2L	j14268	POLR2L	A	j14268.raw
j14269	RPS28	j14269	RPS28	A	j14269.raw
j14272	NBR2	j14272	NBR2	A	j14272.raw
j14277	NOP10	j14277	NOP10	B	j14277.raw
j14280	MRPL33	j14280	MRPL33	B	j14280.raw
j14281	C5orf13	j14281	C5orf13	B	j14281.raw
j14282	TAC4	j14282	TAC4	B	j14282.raw
j14283	DEFB106A	j14283	DEFB106A	B	j14283.raw
j14285	MTCP1NB	j14285	MTCP1NB	B	j14285.raw
j14294	UQCR10	j14294	UQCR10	B	j14294.raw
j14295	ATOX1	j14295	ATOX1	B	j14295.raw
j14871	KLHL11	j14871	KLHL11	A	j14871.raw
j14872	ECEL1	j14872	ECEL1	A	j14872.raw
j14873	ZMYND8	j14873	ZMYND8	A	j14873.raw
j14874	TLR10	j14874	TLR10	A	j14874.raw
j14875	PCDHGA6	j14875	PCDHGA6	A	j14875.raw
j14876	AXIN2	j14876	AXIN2	A	j14876.raw
j14878	VEZT	j14878	VEZT	A	j14878.raw
j14880	PCDHB3	j14880	PCDHB3	A	j14880.raw
j14881	RGL1	j14881	RGL1	A	j14881.raw
j14884	ABTB2	j14884	ABTB2	A	j14884.raw
j14885	DNM2	j14885	DNM2	A	j14885.raw
j14889	DDHD1	j14889	DDHD1	B	j14889.raw
j14890	TRPC3	j14890	TRPC3	B	j14890.raw
j14891	KIF7	j14891	KIF7	B	j14891.raw
j14893	PCDHA8	j14893	PCDHA8	B	j14893.raw
j14894	TMEM63C	j14894	TMEM63C	B	j14894.raw
j14895	CASD1	j14895	CASD1	B	j14895.raw
j14896	TRPV3	j14896	TRPV3	B	j14896.raw
j14897	CPSF2	j14897	CPSF2	B	j14897.raw
j14898	ZNF280C	j14898	ZNF280C	B	j14898.raw
j14907	KIAA1274	j14907	KIAA1274	B	j14907.raw
j14908	TRIM6-TRIM34	j14908	TRIM6-TRIM34	B	j14908.raw
j14909	SEMA4C	j14909	SEMA4C	B	j14909.raw
j14910	DLG3	j14910	DLG3	B	j14910.raw
j14911	PCDHA11	j14911	PCDHA11	B	j14911.raw
j14912	ANKRD56	j14912	ANKRD56	B	j14912.raw
j14913	SYNPO2L	j14913	SYNPO2L	B	j14913.raw
j14914	SEMA3E	j14914	SEMA3E	A	j14914.raw
j14915	PLG	j14915	PLG	A	j14915.raw
j14916	TXNDC16	j14916	TXNDC16	A	j14916.raw
j14917	SLC9A5	j14917	SLC9A5	A	j14917.raw
j15092	EIF2C1	j15092	EIF2C1	B	j15092.raw
j15093	RBM25	j15093	RBM25	B	j15093.raw
j15094	ACAP3	j15094	ACAP3	B	j15094.raw
j15095	PCDHGA7	j15095	PCDHGA7	B	j15095.raw
j15096	DPP6	j15096	DPP6	B	j15096.raw
j15097	BRD4	j15097	BRD4	B	j15097.raw
j15098	TBC1D2B	j15098	TBC1D2B	B	j15098.raw
j15100	NPAS2	j15100	NPAS2	B	j15100.raw
j15101	TFR2	j15101	TFR2	B	j15101.raw
j15102	TLR1	j15102	TLR1	B	j15102.raw
j15105	ANKLE2	j15105	ANKLE2	B	j15105.raw
j15106	BICD2	j15106	BICD2	B	j15106.raw
j15107	DISC1	j15107	DISC1	B	j15107.raw
j15109	GPAT2	j15109	GPAT2	B	j15109.raw
j15111	MATN2	j15111	MATN2	B	j15111.raw
j15115	SPON1	j15115	SPON1	B	j15115.raw
j15116	PIPSL	j15116	PIPSL	B	j15116.raw
j15120	BRD4	j15120	BRD4	C	j15120.raw
j15121	PCDHGA7	j15121	PCDHGA7	C	j15121.raw
j15122	ACAP3	j15122	ACAP3	C	j15122.raw
j15150	PHF14	j15150	PHF14	C	j15150.raw
j15151	SPON1	j15151	SPON1	C	j15151.raw
j18265	C19orf66	j18265	C19orf66	C	j18265.raw
j19865	KRT39	j19865	KRT39	C	j19865.raw
j3706	PSRC1	j3706	PSRC1	A	j3706.raw
j3709	MAB21L3	j3709	MAB21L3	A	j3709.raw
j3710	RIC3	j3710	RIC3	A	j3710.raw
j3711	INHA	j3711	INHA	A	j3711.raw
j3712	USP46	j3712	USP46	A	j3712.raw
j3713	ZDHHC9	j3713	ZDHHC9	A	j3713.raw
j3714	LMX1B	j3714	LMX1B	A	j3714.raw
j3740	VSX1	j3740	VSX1	B	j3740.raw
j3741	NHLRC2	j3741	NHLRC2	A	j3741.raw
j3742	POLE	j3742	POLE	A	j3742.raw
j3754	FKSG43	j3754	FKSG43	A	j3754.raw
j3755	CDCA7	j3755	CDCA7	A	j3755.raw
j3756	NXF5	j3756	NXF5	A	j3756.raw
j3759	RAE1	j3759	RAE1	A	j3759.raw
j3771	CXCR7	j3771	CXCR7	A	j3771.raw
j3772	TSSK1B	j3772	TSSK1B	A	j3772.raw
j3775	POPDC2	j3775	POPDC2	A	j3775.raw
j4184	CNN1	j4184	CNN1	A	j4184.raw
j4185	NOSIP	j4185	NOSIP	A	j4185.raw
j4186	SETD3	j4186	SETD3	A	j4186.raw
j4190	ZNF277	j4190	ZNF277	A	j4190.raw
j4191	POPDC3	j4191	POPDC3	A	j4191.raw
j4192	CCDC146	j4192	CCDC146	A	j4192.raw
j4193	WDR92	j4193	WDR92	A	j4193.raw
j4194	RASSF6	j4194	RASSF6	A	j4194.raw
j4195	ITGA4	j4195	ITGA4	A	j4195.raw
j4210	GK5	j4210	GK5	A	j4210.raw
j4212	LDB3	j4212	LDB3	A	j4212.raw
j4213	GGPS1	j4213	GGPS1	A	j4213.raw
j4215	HNMT	j4215	HNMT	A	j4215.raw
j4216	C19orf46	j4216	C19orf46	A	j4216.raw
j4217	DHRS2	j4217	DHRS2	A	j4217.raw
j4223	ODF3L1	j4223	ODF3L1	A	j4223.raw
j4224	CLN8	j4224	CLN8	A	j4224.raw
j4226	GTDC1	j4226	GTDC1	A	j4226.raw
j4227	CXorf21	j4227	CXorf21	A	j4227.raw
j4228	FBXO25	j4228	FBXO25	A	j4228.raw
j4229	TBC1D3F	j4229	TBC1D3F	A	j4229.raw
j4234	PPAP2A	j4234	PPAP2A	A	j4234.raw
j4235	KIAA0247	j4235	KIAA0247	A	j4235.raw
j4236	F3	j4236	F3	A	j4236.raw
j4237	COLEC10	j4237	COLEC10	A	j4237.raw
j4238	SGCD	j4238	SGCD	A	j4238.raw
j4240	XRCC2	j4240	XRCC2	A	j4240.raw
j4241	EDA2R	j4241	EDA2R	A	j4241.raw
j4242	EXOSC8	j4242	EXOSC8	A	j4242.raw
j4246	STX5	j4246	STX5	A	j4246.raw
j4248	CNOT7	j4248	CNOT7	A	j4248.raw
j4251	SNAI3	j4251	SNAI3	A	j4251.raw
j4252	NIT2	j4252	NIT2	A	j4252.raw
j4255	C7orf46	j4255	C7orf46	A	j4255.raw
j4266	FAM175A	j4266	FAM175A	A	j4266.raw
j4269	RAB40AL	j4269	RAB40AL	A	j4269.raw
j4270	IYD	j4270	IYD	A	j4270.raw
j4271	CCNE2	j4271	CCNE2	A	j4271.raw
j4273	EFCAB4A	j4273	EFCAB4A	A	j4273.raw
j4274	SYNE2	j4274	SYNE2	A	j4274.raw
j4278	CCDC121	j4278	CCDC121	A	j4278.raw
j4279	AMMECR1	j4279	AMMECR1	A	j4279.raw
j4280	CAPZA2	j4280	CAPZA2	A	j4280.raw
j4283	FBXO6	j4283	FBXO6	A	j4283.raw
j4284	C15orf29	j4284	C15orf29	A	j4284.raw
j4285	STARD10	j4285	STARD10	A	j4285.raw
j4286	CTSZ	j4286	CTSZ	A	j4286.raw
j4294	CEBPE	j4294	CEBPE	A	j4294.raw
j4295	CSGALNACT1	j4295	CSGALNACT1	A	j4295.raw
j4297	SPATS1	j4297	SPATS1	A	j4297.raw
j4298	PTCRA	j4298	PTCRA	A	j4298.raw
j4299	TNFSF13B	j4299	TNFSF13B	A	j4299.raw
j4301	RPRD1A	j4301	RPRD1A	A	j4301.raw
j4303	TRAPPC10	j4303	TRAPPC10	A	j4303.raw
j4304	VDAC2	j4304	VDAC2	A	j4304.raw
j4314	ZC3H8	j4314	ZC3H8	A	j4314.raw
j4315	MRPL46	j4315	MRPL46	A	j4315.raw
j4316	HSD17B11	j4316	HSD17B11	A	j4316.raw
j4317	ELOVL2	j4317	ELOVL2	A	j4317.raw
j4318	GLYATL1	j4318	GLYATL1	A	j4318.raw
j6409	HMBS	j6409	HMBS	A	j6409.raw
j6410	PARVA	j6410	PARVA	A	j6410.raw
j6411	PSAT1	j6411	PSAT1	A	j6411.raw
j6412	GABRE	j6412	GABRE	A	j6412.raw
j6414	AHSG	j6414	AHSG	A	j6414.raw
j6415	CDCA7L	j6415	CDCA7L	A	j6415.raw
j6416	MCAM	j6416	MCAM	A	j6416.raw
j6417	TRIM16	j6417	TRIM16	A	j6417.raw
j6418	USP38	j6418	USP38	A	j6418.raw
j6422	ZNF707	j6422	ZNF707	A	j6422.raw
j6423	KIAA1456	j6423	KIAA1456	A	j6423.raw
j6424	SMPD1	j6424	SMPD1	A	j6424.raw
j6425	C9orf156	j6425	C9orf156	A	j6425.raw
j6426	CD244	j6426	CD244	A	j6426.raw
j6427	NUP50	j6427	NUP50	A	j6427.raw
j6428	DNM3	j6428	DNM3	A	j6428.raw
j6429	SERPINA6	j6429	SERPINA6	A	j6429.raw
j6431	PVRL3	j6431	PVRL3	A	j6431.raw
j6443	OBFC1	j6443	OBFC1	A	j6443.raw
j6444	SDF4	j6444	SDF4	A	j6444.raw
j6445	CXADR	j6445	CXADR	A	j6445.raw
j6449	RBPJ	j6449	RBPJ	A	j6449.raw
j6450	SLC39A4	j6450	SLC39A4	A	j6450.raw
j6451	KIAA1949	j6451	KIAA1949	A	j6451.raw
j6454	FBXL3	j6454	FBXL3	A	j6454.raw
j6458	HLA-C	j6458	HLA-C	A	j6458.raw
j6459	LIPT1	j6459	LIPT1	A	j6459.raw
j6460	CREB3	j6460	CREB3	A	j6460.raw
j6461	PARD6B	j6461	PARD6B	A	j6461.raw
j6462	RSAD2	j6462	RSAD2	A	j6462.raw
j6463	ARHGEF10	j6463	ARHGEF10	A	j6463.raw
j6464	DNAJC11	j6464	DNAJC11	A	j6464.raw
j6465	PHF15	j6465	PHF15	A	j6465.raw
j6467	CLEC18A	j6467	CLEC18A	A	j6467.raw
j6471	SSBP2	j6471	SSBP2	A	j6471.raw
j6472	SLC35C1	j6472	SLC35C1	A	j6472.raw
j6473	PEX3	j6473	PEX3	A	j6473.raw
j6474	GPR183	j6474	GPR183	A	j6474.raw
j6475	VASP	j6475	VASP	A	j6475.raw
j6476	C8orf45	j6476	C8orf45	A	j6476.raw
j6477	NT5E	j6477	NT5E	A	j6477.raw
j6478	TEAD4	j6478	TEAD4	A	j6478.raw
j6479	DZIP3	j6479	DZIP3	A	j6479.raw
j6480	ADH1C	j6480	ADH1C	A	j6480.raw
j6486	USP18	j6486	USP18	A	j6486.raw
j6488	ARPC1A	j6488	ARPC1A	A	j6488.raw
j6489	IDH3A	j6489	IDH3A	A	j6489.raw
j6490	AUP1	j6490	AUP1	A	j6490.raw
j6491	DLD	j6491	DLD	A	j6491.raw
j6493	IGSF8	j6493	IGSF8	A	j6493.raw
j6494	DCTN1	j6494	DCTN1	A	j6494.raw
j6495	B3GNT3	j6495	B3GNT3	A	j6495.raw
j6496	FAM188A	j6496	FAM188A	A	j6496.raw
j6500	GRINL1A	j6500	GRINL1A	A	j6500.raw
j6501	SDC3	j6501	SDC3	A	j6501.raw
j6502	TTC23L	j6502	TTC23L	A	j6502.raw
j6503	CD19	j6503	CD19	A	j6503.raw
j6504	ANKRD16	j6504	ANKRD16	A	j6504.raw
j6505	PABPC5	j6505	PABPC5	A	j6505.raw
j6506	MYT1	j6506	MYT1	A	j6506.raw
j6507	PPARD	j6507	PPARD	A	j6507.raw
j6508	MMRN1	j6508	MMRN1	A	j6508.raw
j6514	CD19	j6514	CD19	C	j6514.raw
j6517	H2AFY2	j6517	H2AFY2	A	j6517.raw
j6518	GLUL	j6518	GLUL	A	j6518.raw
j6519	POGZ	j6519	POGZ	A	j6519.raw
j6521	PNMA2	j6521	PNMA2	A	j6521.raw
j6522	GMPR2	j6522	GMPR2	A	j6522.raw
j6523	LMNA	j6523	LMNA	A	j6523.raw
j6524	HLA-B	j6524	HLA-B	A	j6524.raw
j6525	GPR52	j6525	GPR52	A	j6525.raw
j6526	PRKAR2B	j6526	PRKAR2B	A	j6526.raw
j9703	DPYS	j9703	DPYS	A	j9703.raw
j9704	DYRK4	j9704	DYRK4	A	j9704.raw
j9705	TNK2	j9705	TNK2	A	j9705.raw
j9706	CYP4F12	j9706	CYP4F12	A	j9706.raw
j9707	VANGL1	j9707	VANGL1	A	j9707.raw
j9708	DYNC1LI1	j9708	DYNC1LI1	A	j9708.raw
j9709	ZNF449	j9709	ZNF449	A	j9709.raw
j9710	POLE2	j9710	POLE2	A	j9710.raw
j9711	SNX1	j9711	SNX1	A	j9711.raw
j9712	ZNF238	j9712	ZNF238	A	j9712.raw
j9713	ZMYND11	j9713	ZMYND11	A	j9713.raw
j9714	TBL1Y	j9714	TBL1Y	A	j9714.raw
j9718	TCP11L2	j9718	TCP11L2	A	j9718.raw
j9719	MARCO	j9719	MARCO	A	j9719.raw
j9721	ATP5B	j9721	ATP5B	A	j9721.raw
j9722	NAB2	j9722	NAB2	A	j9722.raw
j9723	FAM98A	j9723	FAM98A	A	j9723.raw
j9724	TMEM209	j9724	TMEM209	A	j9724.raw
j9725	CAT	j9725	CAT	A	j9725.raw
j9727	PLXNA4	j9727	PLXNA4	A	j9727.raw
j9728	FBXW11	j9728	FBXW11	A	j9728.raw
j9729	TIGD6	j9729	TIGD6	A	j9729.raw
j9733	CREB3L1	j9733	CREB3L1	A	j9733.raw
j9734	DCT	j9734	DCT	A	j9734.raw
j9735	BAIAP2	j9735	BAIAP2	A	j9735.raw
j9736	CDC25A	j9736	CDC25A	A	j9736.raw
j9737	DEPDC1	j9737	DEPDC1	A	j9737.raw
j9738	TULP2	j9738	TULP2	A	j9738.raw
j9739	ZNF572	j9739	ZNF572	A	j9739.raw
j9740	CORO2A	j9740	CORO2A	A	j9740.raw
j9741	CDK17	j9741	CDK17	A	j9741.raw
j9742	SIAE	j9742	SIAE	A	j9742.raw
j9743	VANGL2	j9743	VANGL2	A	j9743.raw
j9747	CAMKK1	j9747	CAMKK1	A	j9747.raw
j9748	TBX22	j9748	TBX22	A	j9748.raw
j9749	GPR114	j9749	GPR114	A	j9749.raw
j9750	NHEDC2	j9750	NHEDC2	A	j9750.raw
j9751	PFKFB3	j9751	PFKFB3	A	j9751.raw
j9752	ZNF768	j9752	ZNF768	A	j9752.raw
j9753	LRRTM1	j9753	LRRTM1	A	j9753.raw
j9754	APEX2	j9754	APEX2	A	j9754.raw
j9755	MFSD8	j9755	MFSD8	A	j9755.raw
j9757	PNLDC1	j9757	PNLDC1	A	j9757.raw
j9761	KBTBD4	j9761	KBTBD4	A	j9761.raw
j9762	ZNF490	j9762	ZNF490	A	j9762.raw
j9763	QRSL1	j9763	QRSL1	A	j9763.raw
j9764	CYP4V2	j9764	CYP4V2	A	j9764.raw
j9765	ARHGEF3	j9765	ARHGEF3	A	j9765.raw
j9766	ARSG	j9766	ARSG	A	j9766.raw
j9767	ZNF454	j9767	ZNF454	A	j9767.raw
j9768	FBXO7	j9768	FBXO7	A	j9768.raw
j9769	OXCT1	j9769	OXCT1	A	j9769.raw
j9771	ALPL	j9771	ALPL	A	j9771.raw
j9776	USP3	j9776	USP3	B	j9776.raw
j9777	UGT2A3	j9777	UGT2A3	B	j9777.raw
j9778	SLC1A1	j9778	SLC1A1	B	j9778.raw
j9784	SYNCRIP	j9784	SYNCRIP	B	j9784.raw
j9788	VNN2	j9788	VNN2	B	j9788.raw
j9789	ALPI	j9789	ALPI	B	j9789.raw
j9790	OMA1	j9790	OMA1	B	j9790.raw
j9791	ASB3	j9791	ASB3	B	j9791.raw
j9792	C17orf53	j9792	C17orf53	B	j9792.raw
j9793	CDC16	j9793	CDC16	B	j9793.raw
j9794	LAP3	j9794	LAP3	B	j9794.raw
j9795	WHSC2	j9795	WHSC2	B	j9795.raw
j9796	FLVCR2	j9796	FLVCR2	B	j9796.raw
j9797	PDE4D	j9797	PDE4D	B	j9797.raw
j9798	C16orf71	j9798	C16orf71	A	j9798.raw
j9799	HEXA	j9799	HEXA	A	j9799.raw
j9800	GPR161	j9800	GPR161	A	j9800.raw
j9801	MEPE	j9801	MEPE	A	j9801.raw
j9802	YARS	j9802	YARS	A	j9802.raw
j9804	PRPF4	j9804	PRPF4	A	j9804.raw
j9806	MAOA	j9806	MAOA	A	j9806.raw
j9807	UGT3A2	j9807	UGT3A2	A	j9807.raw
j9956	CDC25A	j9956	CDC25A	C	j9956.raw
j9957	PDZK1	j9957	PDZK1	C	j9957.raw
j9958	ATG9A	j9958	ATG9A	C	j9958.raw
j9959	OCLN	j9959	OCLN	C	j9959.raw
j9960	ACCN2	j9960	ACCN2	C	j9960.raw
q10517	CGNL1	q10517	CGNL1	B	q10517.raw
q10518	CGN	q10518	CGN	B	q10518.raw
q10519	PPP2R3A	q10519	PPP2R3A	B	q10519.raw
q10520	LLGL2	q10520	LLGL2	B	q10520.raw
q10521	IGHMBP2	q10521	IGHMBP2	B	q10521.raw
q10522	ENPEP	q10522	ENPEP	B	q10522.raw
q10523	SLC14A2	q10523	SLC14A2	B	q10523.raw
q10524	GTF3C3	q10524	GTF3C3	B	q10524.raw
q10525	NAA15	q10525	NAA15	B	q10525.raw
q10526	NOP2	q10526	NOP2	B	q10526.raw
q10527	AGRP	q10527	AGRP	B	q10527.raw
q10528	THBS2	q10528	THBS2	B	q10528.raw
q10529	TRHDE	q10529	TRHDE	B	q10529.raw
q10531	SART3	q10531	SART3	B	q10531.raw
q10532	LRRCC1	q10532	LRRCC1	B	q10532.raw
q10533	EXOC1	q10533	EXOC1	B	q10533.raw
q10537	LPIN3	q10537	LPIN3	A	q10537.raw
q10539	MARCH6	q10539	MARCH6	A	q10539.raw
q10540	ZCCHC14	q10540	ZCCHC14	A	q10540.raw
q10541	EPHA1	q10541	EPHA1	A	q10541.raw
q10542	PPFIBP1	q10542	PPFIBP1	A	q10542.raw
q10543	DAB2IP	q10543	DAB2IP	A	q10543.raw
q10544	ATF7IP	q10544	ATF7IP	A	q10544.raw
q10545	TBC1D9	q10545	TBC1D9	A	q10545.raw
q10546	CPD	q10546	CPD	A	q10546.raw
q10547	RNF43	q10547	RNF43	A	q10547.raw
q10550	TRPC5	q10550	TRPC5	B	q10550.raw
q10551	PTPRU	q10551	PTPRU	B	q10551.raw
q10552	TECPR2	q10552	TECPR2	B	q10552.raw
q10553	PTPN14	q10553	PTPN14	B	q10553.raw
q10554	RANBP6	q10554	RANBP6	B	q10554.raw
q10558	PHF20	q10558	PHF20	B	q10558.raw
q10559	BMP1	q10559	BMP1	B	q10559.raw
q10560	PCDHA9	q10560	PCDHA9	B	q10560.raw
q10561	CHSY3	q10561	CHSY3	B	q10561.raw
q10562	TLR5	q10562	TLR5	B	q10562.raw
q10567	RNF43	q10567	RNF43	B	q10567.raw
q10568	CPD	q10568	CPD	B	q10568.raw
q10569	TBC1D9	q10569	TBC1D9	B	q10569.raw
q10570	ATF7IP	q10570	ATF7IP	B	q10570.raw
q10571	DAB2IP	q10571	DAB2IP	B	q10571.raw
q10573	EPHA1	q10573	EPHA1	B	q10573.raw
q10574	ZCCHC14	q10574	ZCCHC14	B	q10574.raw
q10575	MARCH6	q10575	MARCH6	B	q10575.raw
q10577	LPIN3	q10577	LPIN3	B	q10577.raw
q10654	KANK4	q10654	KANK4	C	q10654.raw
q10678	PCDH12	q10678	PCDH12	C	q10678.raw
q10681	GAA	q10681	GAA	C	q10681.raw
q11337	UQCR10	q11337	UQCR10	A	q11337.raw
q11348	TAC4	q11348	TAC4	A	q11348.raw
q11349	C5orf13	q11349	C5orf13	A	q11349.raw
q11353	NOP10	q11353	NOP10	A	q11353.raw
q11360	NDUFA1	q11360	NDUFA1	A	q11360.raw
q11363	FAM165B	q11363	FAM165B	A	q11363.raw
q11368	GNG10	q11368	GNG10	A	q11368.raw
q11370	ST13	q11370	ST13	A	q11370.raw
q11371	LENEP	q11371	LENEP	A	q11371.raw
q11372	DEFB123	q11372	DEFB123	A	q11372.raw
q11965	ZNF280C	q11965	ZNF280C	A	q11965.raw
q11968	CASD1	q11968	CASD1	A	q11968.raw
q11969	TMEM63C	q11969	TMEM63C	A	q11969.raw
q11970	PCDHA8	q11970	PCDHA8	A	q11970.raw
q11972	KIF7	q11972	KIF7	A	q11972.raw
q11973	TRPC3	q11973	TRPC3	A	q11973.raw
q11974	DDHD1	q11974	DDHD1	A	q11974.raw
q11977	SYNPO2L	q11977	SYNPO2L	A	q11977.raw
q11978	ANKRD56	q11978	ANKRD56	A	q11978.raw
q11979	PCDHA11	q11979	PCDHA11	A	q11979.raw
q11980	DLG3	q11980	DLG3	A	q11980.raw
q11981	SEMA4C	q11981	SEMA4C	A	q11981.raw
q11982	TRIM6-TRIM34	q11982	TRIM6-TRIM34	A	q11982.raw
q11983	KIAA1274	q11983	KIAA1274	A	q11983.raw
q11988	RABEP1	q11988	RABEP1	B	q11988.raw
q11989	GABBR1	q11989	GABBR1	B	q11989.raw
q11990	MOGS	q11990	MOGS	B	q11990.raw
q11992	PCDHB1	q11992	PCDHB1	B	q11992.raw
q11993	PCDHGB2	q11993	PCDHGB2	B	q11993.raw
q11994	DIS3	q11994	DIS3	B	q11994.raw
q11995	LRFN2	q11995	LRFN2	B	q11995.raw
q11996	PDE10A	q11996	PDE10A	B	q11996.raw
q11997	RBAK	q11997	RBAK	B	q11997.raw
q12001	DNM2	q12001	DNM2	B	q12001.raw
q12002	ABTB2	q12002	ABTB2	B	q12002.raw
q12005	RGL1	q12005	RGL1	B	q12005.raw
q12006	PCDHB3	q12006	PCDHB3	B	q12006.raw
q12008	VEZT	q12008	VEZT	B	q12008.raw
q12010	AXIN2	q12010	AXIN2	B	q12010.raw
q12011	PCDHGA6	q12011	PCDHGA6	B	q12011.raw
q12012	TLR10	q12012	TLR10	B	q12012.raw
q12014	ECEL1	q12014	ECEL1	B	q12014.raw
q12015	KLHL11	q12015	KLHL11	B	q12015.raw
q12020	ARHGAP12	q12020	ARHGAP12	B	q12020.raw
q12021	GSG2	q12021	GSG2	B	q12021.raw
q12022	PNPT1	q12022	PNPT1	B	q12022.raw
q12023	PCDHGC5	q12023	PCDHGC5	B	q12023.raw
q12024	GTF3C4	q12024	GTF3C4	B	q12024.raw
q12026	EPC2	q12026	EPC2	B	q12026.raw
q12027	RASEF	q12027	RASEF	B	q12027.raw
q12048	SLC9A5	q12048	SLC9A5	B	q12048.raw
q12049	TXNDC16	q12049	TXNDC16	B	q12049.raw
q12050	PLG	q12050	PLG	B	q12050.raw
q12051	SEMA3E	q12051	SEMA3E	B	q12051.raw
q12052	ZMYND8	q12052	ZMYND8	C	q12052.raw
q12053	RBAK	q12053	RBAK	C	q12053.raw
q12054	PDE10A	q12054	PDE10A	C	q12054.raw
q12055	CPSF2	q12055	CPSF2	C	q12055.raw
q12056	TRPV3	q12056	TRPV3	C	q12056.raw
q12128	PIPSL	q12128	PIPSL	A	q12128.raw
q12133	MATN2	q12133	MATN2	A	q12133.raw
q12135	GPAT2	q12135	GPAT2	A	q12135.raw
q12137	DISC1	q12137	DISC1	A	q12137.raw
q12138	BICD2	q12138	BICD2	A	q12138.raw
q12139	ANKLE2	q12139	ANKLE2	A	q12139.raw
q12142	TLR1	q12142	TLR1	A	q12142.raw
q12143	TFR2	q12143	TFR2	A	q12143.raw
q12144	NPAS2	q12144	NPAS2	A	q12144.raw
q12146	TBC1D2B	q12146	TBC1D2B	A	q12146.raw
q12148	DPP6	q12148	DPP6	A	q12148.raw
q12152	RBM25	q12152	RBM25	A	q12152.raw
q12153	EIF2C1	q12153	EIF2C1	A	q12153.raw
q12550	C1orf146	q12550	C1orf146	A	q12550.raw
q12551	FAM9C	q12551	FAM9C	A	q12551.raw
q12552	SSBP1	q12552	SSBP1	A	q12552.raw
q12553	IQCF2	q12553	IQCF2	A	q12553.raw
q12554	SPCS3	q12554	SPCS3	A	q12554.raw
q12556	CDKN3	q12556	CDKN3	A	q12556.raw
q12557	STAG3L4	q12557	STAG3L4	A	q12557.raw
q12559	CST8	q12559	CST8	A	q12559.raw
q12560	LMO1	q12560	LMO1	A	q12560.raw
q12561	MYH7B	q12561	MYH7B	A	q12561.raw
q12562	IRGM	q12562	IRGM	A	q12562.raw
q12563	C2orf73	q12563	C2orf73	A	q12563.raw
q12566	NINJ2	q12566	NINJ2	A	q12566.raw
q12567	HBXIP	q12567	HBXIP	A	q12567.raw
q12568	MTRF1	q12568	MTRF1	A	q12568.raw
q12569	FGFR1OP2	q12569	FGFR1OP2	A	q12569.raw
q12570	CST5	q12570	CST5	A	q12570.raw
q12571	UCN3	q12571	UCN3	A	q12571.raw
q12572	IL20	q12572	IL20	A	q12572.raw
q12575	OTUD3	q12575	OTUD3	A	q12575.raw
q12577	SPRYD7	q12577	SPRYD7	A	q12577.raw
q12578	CGGBP1	q12578	CGGBP1	A	q12578.raw
q12579	MORN4	q12579	MORN4	A	q12579.raw
q12580	SIN3A	q12580	SIN3A	A	q12580.raw
q12581	UBL4B	q12581	UBL4B	A	q12581.raw
q12582	MRPL23	q12582	MRPL23	A	q12582.raw
q12583	C6orf136	q12583	C6orf136	A	q12583.raw
q12584	NAT8B	q12584	NAT8B	A	q12584.raw
q12585	OMP	q12585	OMP	A	q12585.raw
q12586	IL25	q12586	IL25	A	q12586.raw
q12590	C9orf85	q12590	C9orf85	A	q12590.raw
q12591	ZNHIT1	q12591	ZNHIT1	A	q12591.raw
q12592	PTP4A1	q12592	PTP4A1	A	q12592.raw
q12593	EDDM3A	q12593	EDDM3A	A	q12593.raw
q12594	LEP	q12594	LEP	A	q12594.raw
q12595	TNFSF18	q12595	TNFSF18	A	q12595.raw
q12626	MECOM	q12626	MECOM	B	q12626.raw
q12627	LAIR2	q12627	LAIR2	B	q12627.raw
q12631	PID1	q12631	PID1	B	q12631.raw
q12632	NDUFAF4	q12632	NDUFAF4	B	q12632.raw
q12634	C19orf66	q12634	C19orf66	B	q12634.raw
q12647	MS4A6E	q12647	MS4A6E	B	q12647.raw
q12648	C4orf39	q12648	C4orf39	B	q12648.raw
q12649	LAGE3	q12649	LAGE3	B	q12649.raw
q12650	CXorf40A	q12650	CXorf40A	B	q12650.raw
q12652	UPP1	q12652	UPP1	B	q12652.raw
q12653	EMP3	q12653	EMP3	B	q12653.raw
q12659	HINT2	q12659	HINT2	A	q12659.raw
q12660	IL7	q12660	IL7	A	q12660.raw
q12664	C9orf23	q12664	C9orf23	A	q12664.raw
q12665	RGS5	q12665	RGS5	A	q12665.raw
q12666	CRYAA	q12666	CRYAA	A	q12666.raw
q12780	CALCA	q12780	CALCA	B	q12780.raw
q12788	AVPI1	q12788	AVPI1	B	q12788.raw
q12796	UCN3	q12796	UCN3	C	q12796.raw
q12796b	TWIST2	q12796b	TWIST2	C	q12796b.raw
q12797	IL25	q12797	IL25	C	q12797.raw
q12798	NAT8B	q12798	NAT8B	C	q12798.raw
q12799	EDDM3A	q12799	EDDM3A	C	q12799.raw
q12800b	CXorf40A	q12800b	CXorf40A	C	q12800b.raw
q12801	PID1	q12801	PID1	C	q12801.raw
q12802	MECOM	q12802	MECOM	C	q12802.raw
q16269	FOLR3	q16269	FOLR3	B	q16269.raw
q16271	CLCA1	q16271	CLCA1	B	q16271.raw
q16272	HSF4	q16272	HSF4	B	q16272.raw
q16273	IGFBPL1	q16273	IGFBPL1	B	q16273.raw
q16274	ESCO2	q16274	ESCO2	B	q16274.raw
q16275	FAM150B	q16275	FAM150B	B	q16275.raw
q16276	SEZ6L	q16276	SEZ6L	B	q16276.raw
q16277	SNRPD3	q16277	SNRPD3	B	q16277.raw
q16278	UBE2L3	q16278	UBE2L3	B	q16278.raw
q16281	CAPN12	q16281	CAPN12	B	q16281.raw
q16282	PREX2	q16282	PREX2	B	q16282.raw
q16283	DEFB112	q16283	DEFB112	B	q16283.raw
q16284	SPANXN2	q16284	SPANXN2	B	q16284.raw
q16285	DEFB109	q16285	DEFB109	B	q16285.raw
q16288	SLC5A1	q16288	SLC5A1	B	q16288.raw
q16292	CARD16	q16292	CARD16	B	q16292.raw
q16293	STRA8	q16293	STRA8	B	q16293.raw
q16294	SHOX	q16294	SHOX	B	q16294.raw
q16296	PICK1	q16296	PICK1	B	q16296.raw
q16297	SREBF2	q16297	SREBF2	B	q16297.raw
q16311	TAS1R2	q16311	TAS1R2	B	q16311.raw
q16312	GJA10	q16312	GJA10	B	q16312.raw
q16314	PROL1	q16314	PROL1	B	q16314.raw
q16315	GUCA2A	q16315	GUCA2A	B	q16315.raw
q16317	SLC5A4	q16317	SLC5A4	B	q16317.raw
q16318	CDCP2	q16318	CDCP2	B	q16318.raw
q16320	YWHAH	q16320	YWHAH	B	q16320.raw
q16323	XKRY2	q16323	XKRY2	B	q16323.raw
q16324	HOXA7	q16324	HOXA7	B	q16324.raw
q16326	GPR151	q16326	GPR151	B	q16326.raw
q16327	AWAT2	q16327	AWAT2	B	q16327.raw
q16328	SPRR2D	q16328	SPRR2D	B	q16328.raw
q16329	ENPP3	q16329	ENPP3	B	q16329.raw
q16330	TST	q16330	TST	B	q16330.raw
q16331	AP1B1	q16331	AP1B1	B	q16331.raw
q16332	PLA2G6	q16332	PLA2G6	B	q16332.raw
q16382	GALP	q16382	GALP	B	q16382.raw
q16383	B3GNT7	q16383	B3GNT7	B	q16383.raw
q16384	OR4E2	q16384	OR4E2	B	q16384.raw
q16386	UGT1A5	q16386	UGT1A5	B	q16386.raw
q16387	VPS9D1	q16387	VPS9D1	B	q16387.raw
q16388	OR4N2	q16388	OR4N2	B	q16388.raw
q16393	NLRP5	q16393	NLRP5	B	q16393.raw
q16395	SPINK14	q16395	SPINK14	B	q16395.raw
q16396	SSX7	q16396	SSX7	B	q16396.raw
q16397	MYEOV2	q16397	MYEOV2	B	q16397.raw
q16398	CUX2	q16398	CUX2	B	q16398.raw
q16405	LIFR	q16405	LIFR	B	q16405.raw
q16406	CNGA1	q16406	CNGA1	B	q16406.raw
q16408	RFPL1	q16408	RFPL1	B	q16408.raw
q16544	BMP6	q16544	BMP6	B	q16544.raw
q16545	FBXW9	q16545	FBXW9	B	q16545.raw
q16546	KRT39	q16546	KRT39	B	q16546.raw
q16547	MATN1	q16547	MATN1	B	q16547.raw
q16548	CRLF2	q16548	CRLF2	B	q16548.raw
q16549	TTC39A	q16549	TTC39A	B	q16549.raw
q16550	TEX13B	q16550	TEX13B	B	q16550.raw
q16555	DCDC1	q16555	DCDC1	B	q16555.raw
q16556	SPAG11B	q16556	SPAG11B	B	q16556.raw
q16557	CRISP1	q16557	CRISP1	B	q16557.raw
q16559	GLCE	q16559	GLCE	B	q16559.raw
q16560	HOXA4	q16560	HOXA4	B	q16560.raw
q16561	ZFP1	q16561	ZFP1	B	q16561.raw
q16562	LPIN2	q16562	LPIN2	B	q16562.raw
q16563	FAM178A	q16563	FAM178A	B	q16563.raw
q16617	LHB	q16617	LHB	B	q16617.raw
q16619	ANKS4B	q16619	ANKS4B	B	q16619.raw
q16621	KLRC3	q16621	KLRC3	B	q16621.raw
q16622	ZFP42	q16622	ZFP42	B	q16622.raw
q16623	C1QL3	q16623	C1QL3	B	q16623.raw
q16624	EIF2C4	q16624	EIF2C4	B	q16624.raw
q16625	LEPR	q16625	LEPR	B	q16625.raw
q16626	SLC45A4	q16626	SLC45A4	B	q16626.raw
q16632	ERCC4	q16632	ERCC4	B	q16632.raw
q16638	FMNL3	q16638	FMNL3	B	q16638.raw
q16639	UBXN7	q16639	UBXN7	B	q16639.raw
q16640	NAA11	q16640	NAA11	B	q16640.raw
q16641	NPVF	q16641	NPVF	B	q16641.raw
q16642	TSHZ2	q16642	TSHZ2	B	q16642.raw
q16643	CCNO	q16643	CCNO	B	q16643.raw
q16644	TAL1	q16644	TAL1	B	q16644.raw
q16645	PKMYT1	q16645	PKMYT1	B	q16645.raw
q16646	PRKD1	q16646	PRKD1	B	q16646.raw
q16647	GBX1	q16647	GBX1	B	q16647.raw
q16650	C16orf55	q16650	C16orf55	B	q16650.raw
q16656	TAS2R39	q16656	TAS2R39	C	q16656.raw
q16657	LBX2	q16657	LBX2	B	q16657.raw
q16658	HPR	q16658	HPR	B	q16658.raw
q16659	AS3MT	q16659	AS3MT	B	q16659.raw
q16660	ZNF492	q16660	ZNF492	B	q16660.raw
q16661	TCF15	q16661	TCF15	B	q16661.raw
q16662	RUNX2	q16662	RUNX2	B	q16662.raw
q16663	KIAA0226	q16663	KIAA0226	B	q16663.raw
q16664	EXOC6B	q16664	EXOC6B	B	q16664.raw
q18776	RXRB	q18776	RXRB	B	q18776.raw
q18777	OR51B5	q18777	OR51B5	B	q18777.raw
q18781	CAB39	q18781	CAB39	B	q18781.raw
q18782	OR11H12	q18782	OR11H12	B	q18782.raw
q18783	KLRK1	q18783	KLRK1	B	q18783.raw
q18785	LRRC37A2	q18785	LRRC37A2	B	q18785.raw
q18787	CHRM5	q18787	CHRM5	B	q18787.raw
q18789	OR8A1	q18789	OR8A1	B	q18789.raw
q18790	OR4N4	q18790	OR4N4	B	q18790.raw
q18791	NEUROD4	q18791	NEUROD4	B	q18791.raw
q18792	DUXAP10	q18792	DUXAP10	B	q18792.raw
q18794	ADPRHL2	q18794	ADPRHL2	B	q18794.raw
q18796	KLRC2	q18796	KLRC2	B	q18796.raw
q18798	UFSP1	q18798	UFSP1	B	q18798.raw
q18799	PPCS	q18799	PPCS	B	q18799.raw
q18800	PTX3	q18800	PTX3	B	q18800.raw
q18801	OR2M7	q18801	OR2M7	B	q18801.raw
q18802	DPF1	q18802	DPF1	B	q18802.raw
q18803	OR1M1	q18803	OR1M1	B	q18803.raw
q18804	CACNG1	q18804	CACNG1	B	q18804.raw
q18808	OR52K2	q18808	OR52K2	B	q18808.raw
q18809	ATP5L2	q18809	ATP5L2	B	q18809.raw
q18810	C6orf94	q18810	C6orf94	B	q18810.raw
q18811	C11orf10	q18811	C11orf10	B	q18811.raw
q18813	TCEA1	q18813	TCEA1	B	q18813.raw
q18814	MAFB	q18814	MAFB	B	q18814.raw
q18815	FAM27E3	q18815	FAM27E3	B	q18815.raw
q18817	GMCL1L	q18817	GMCL1L	B	q18817.raw
q18818	OR14I1	q18818	OR14I1	B	q18818.raw
q18819	PIP5K1B	q18819	PIP5K1B	B	q18819.raw
q18822	OR2T33	q18822	OR2T33	B	q18822.raw
q18824	LGI1	q18824	LGI1	B	q18824.raw
q18825	CTXN1	q18825	CTXN1	B	q18825.raw
q18826	LIN52	q18826	LIN52	B	q18826.raw
q18828	CHRNA7	q18828	CHRNA7	B	q18828.raw
q18830	OR6T1	q18830	OR6T1	B	q18830.raw
q18831	LMOD3	q18831	LMOD3	B	q18831.raw
q18832	OR14J1	q18832	OR14J1	B	q18832.raw
q18835	FAM81A	q18835	FAM81A	B	q18835.raw
q18836	PRR4	q18836	PRR4	B	q18836.raw
q18837	OR52B2	q18837	OR52B2	B	q18837.raw
q18838	LHFPL1	q18838	LHFPL1	B	q18838.raw
q18841	STARD5	q18841	STARD5	B	q18841.raw
q18842	PRKY	q18842	PRKY	B	q18842.raw
q18843	TMEM167B	q18843	TMEM167B	B	q18843.raw
q18845	KCNIP1	q18845	KCNIP1	B	q18845.raw
q18846	GPR160	q18846	GPR160	B	q18846.raw
q18847	BANF2	q18847	BANF2	B	q18847.raw
q18848	CCT8L2	q18848	CCT8L2	B	q18848.raw
q18851	RPEL1	q18851	RPEL1	B	q18851.raw
q18853	TSPAN10	q18853	TSPAN10	B	q18853.raw
q18854	KRT34	q18854	KRT34	B	q18854.raw
q19000	TMEM167B	q19000	TMEM167B	C	q19000.raw
q19003	OR52K2	q19003	OR52K2	C	q19003.raw
q3696	POLE	q3696	POLE	B	q3696.raw
q3697	VSX1	q3697	VSX1	B	q3697.raw
q7408	ARSG	q7408	ARSG	C	q7408.raw
q7409	ARHGEF3	q7409	ARHGEF3	C	q7409.raw
q7410	CYP4V2	q7410	CYP4V2	C	q7410.raw
q7411	ZNF490	q7411	ZNF490	C	q7411.raw
q7413	YARS	q7413	YARS	C	q7413.raw
q7414	MEPE	q7414	MEPE	C	q7414.raw
q7551	RAB15	q7551	RAB15	A	q7551.raw
q7552	SOCS3	q7552	SOCS3	A	q7552.raw
q7554	TTLL9	q7554	TTLL9	A	q7554.raw
q7555	IFNA4	q7555	IFNA4	A	q7555.raw
q7557	TNNI3	q7557	TNNI3	A	q7557.raw
q7558	MOBKL2C	q7558	MOBKL2C	A	q7558.raw
q7559	CRP	q7559	CRP	A	q7559.raw
q7561	MAU2	q7561	MAU2	A	q7561.raw
q7568	C10orf107	q7568	C10orf107	A	q7568.raw
q7569	RECK	q7569	RECK	A	q7569.raw
q7570	C16orf54	q7570	C16orf54	A	q7570.raw
q7571	LHFPL4	q7571	LHFPL4	A	q7571.raw
q7572	IFNA1	q7572	IFNA1	A	q7572.raw
q7573	RABL2A	q7573	RABL2A	A	q7573.raw
q7574	ZNF586	q7574	ZNF586	A	q7574.raw
q7576	RWDD4	q7576	RWDD4	A	q7576.raw
q7636	SASS6	q7636	SASS6	B	q7636.raw
q7637	GCM2	q7637	GCM2	B	q7637.raw
q7638	PRCC	q7638	PRCC	B	q7638.raw
q7641	FGFRL1	q7641	FGFRL1	B	q7641.raw
q7646	CYP2A7	q7646	CYP2A7	B	q7646.raw
q7647	RFTN2	q7647	RFTN2	B	q7647.raw
q7648	GDF5	q7648	GDF5	B	q7648.raw
q7649	CHD2	q7649	CHD2	B	q7649.raw
q7650	THUMPD3	q7650	THUMPD3	B	q7650.raw
q7651	ANGPT2	q7651	ANGPT2	B	q7651.raw
q7652	PLB1	q7652	PLB1	B	q7652.raw
q7653	DHX30	q7653	DHX30	B	q7653.raw
q7654	INTS4	q7654	INTS4	B	q7654.raw
q7655	TRAF2	q7655	TRAF2	B	q7655.raw
q7656	CRISPLD1	q7656	CRISPLD1	B	q7656.raw
q7659	RSL1D1	q7659	RSL1D1	B	q7659.raw
q7660	FSCN2	q7660	FSCN2	B	q7660.raw
q7661	PRPF31	q7661	PRPF31	B	q7661.raw
q7662	TBC1D22B	q7662	TBC1D22B	B	q7662.raw
q7663	PRPF19	q7663	PRPF19	B	q7663.raw
q7664	USP14	q7664	USP14	B	q7664.raw
q7665	ATF2	q7665	ATF2	B	q7665.raw
q7666	ZNF512	q7666	ZNF512	B	q7666.raw
q7667	NMD3	q7667	NMD3	B	q7667.raw
q7670	SMYD1	q7670	SMYD1	B	q7670.raw
q7671	HHAT	q7671	HHAT	B	q7671.raw
q7672	C10orf2	q7672	C10orf2	B	q7672.raw
q7673	TFCP2	q7673	TFCP2	B	q7673.raw
q7674	NF2	q7674	NF2	B	q7674.raw
q7675	SLC24A5	q7675	SLC24A5	B	q7675.raw
q7676	SHMT2	q7676	SHMT2	B	q7676.raw
q7677	PDHX	q7677	PDHX	B	q7677.raw
q7678	CYP3A5	q7678	CYP3A5	B	q7678.raw
q7757	FAM189B	q7757	FAM189B	A	q7757.raw
q7758	FAM190A	q7758	FAM190A	A	q7758.raw
q7759	LIMK2	q7759	LIMK2	A	q7759.raw
q7760	NALCN	q7760	NALCN	A	q7760.raw
q7761	FLRT1	q7761	FLRT1	A	q7761.raw
q7762	KIF22	q7762	KIF22	A	q7762.raw
q7763	VASN	q7763	VASN	A	q7763.raw
q7765	SLC39A12	q7765	SLC39A12	A	q7765.raw
q7766	ALOX5	q7766	ALOX5	A	q7766.raw
q7769	ZSCAN22	q7769	ZSCAN22	B	q7769.raw
q7772	TXNRD2	q7772	TXNRD2	B	q7772.raw
q7774	FMN1	q7774	FMN1	B	q7774.raw
q7776	CLCC1	q7776	CLCC1	B	q7776.raw
q7777	ANXA11	q7777	ANXA11	B	q7777.raw
q7778	ACVRL1	q7778	ACVRL1	B	q7778.raw
q7779	ACCS	q7779	ACCS	B	q7779.raw
q7780	KCNJ3	q7780	KCNJ3	B	q7780.raw
q7786	SLC20A1	q7786	SLC20A1	A	q7786.raw
q7787	BBS7	q7787	BBS7	A	q7787.raw
q7788	HBS1L	q7788	HBS1L	A	q7788.raw
q7790	DNA2	q7790	DNA2	A	q7790.raw
q7791	ABCG8	q7791	ABCG8	A	q7791.raw
q7794	OAS2	q7794	OAS2	A	q7794.raw
q7795	ATMIN	q7795	ATMIN	A	q7795.raw
q7796	PAK6	q7796	PAK6	A	q7796.raw
q7797	TNXB	q7797	TNXB	A	q7797.raw
q7799	ESRP1	q7799	ESRP1	A	q7799.raw
q7800	SLC25A13	q7800	SLC25A13	A	q7800.raw
q7801	LRRC45	q7801	LRRC45	A	q7801.raw
q7803	GIMAP8	q7803	GIMAP8	A	q7803.raw
q8025	SPG20	q8025	SPG20	A	q8025.raw
q8026	RAD17	q8026	RAD17	A	q8026.raw
q8027	ADRBK1	q8027	ADRBK1	A	q8027.raw
q8028	KBTBD7	q8028	KBTBD7	A	q8028.raw
q8029	SCFD2	q8029	SCFD2	A	q8029.raw
q8030	VILL	q8030	VILL	A	q8030.raw
q8031	TBC1D14	q8031	TBC1D14	A	q8031.raw
q8033	TGM4	q8033	TGM4	A	q8033.raw
q8038	SCEL	q8038	SCEL	A	q8038.raw
q8039	WDTC1	q8039	WDTC1	A	q8039.raw
q8040	SH3KBP1	q8040	SH3KBP1	A	q8040.raw
q8041	RPH3A	q8041	RPH3A	A	q8041.raw
q8042	SYDE1	q8042	SYDE1	A	q8042.raw
q8043	GLB1	q8043	GLB1	A	q8043.raw
q8044	TP63	q8044	TP63	A	q8044.raw
q8045	MPP5	q8045	MPP5	A	q8045.raw
q8046	ALOX15B	q8046	ALOX15B	A	q8046.raw
q8047	FERMT2	q8047	FERMT2	A	q8047.raw
q8065	TGM4	q8065	TGM4	B	q8065.raw
q8070	KBTBD7	q8070	KBTBD7	B	q8070.raw
q8071	ADRBK1	q8071	ADRBK1	B	q8071.raw
q8072	RAD17	q8072	RAD17	B	q8072.raw
q8073	SPG20	q8073	SPG20	B	q8073.raw
