sample_id	raw_file_name	quant_type	source_column	bait_name	condition	is_control	replicate_group	keep	notes
b10494	b10494.raw	Intensity	Intensity b10494					Y	
b10495	b10495.raw	Intensity	Intensity b10495					Y	
b12290	b12290.raw	Intensity	Intensity b12290					Y	
b12292	b12292.raw	Intensity	Intensity b12292					Y	
b12293	b12293.raw	Intensity	Intensity b12293					Y	
b12294	b12294.raw	Intensity	Intensity b12294					Y	
b12295	b12295.raw	Intensity	Intensity b12295					Y	
b12297	b12297.raw	Intensity	Intensity b12297					Y	
b12298	b12298.raw	Intensity	Intensity b12298					Y	
b12299	b12299.raw	Intensity	Intensity b12299					Y	
b12300	b12300.raw	Intensity	Intensity b12300					Y	
b12301	b12301.raw	Intensity	Intensity b12301					Y	
b12302	b12302.raw	Intensity	Intensity b12302					Y	
b12303	b12303.raw	Intensity	Intensity b12303					Y	
b12304	b12304.raw	Intensity	Intensity b12304					Y	
b12306	b12306.raw	Intensity	Intensity b12306					Y	
b12310	b12310.raw	Intensity	Intensity b12310					Y	
b12311	b12311.raw	Intensity	Intensity b12311					Y	
b12312	b12312.raw	Intensity	Intensity b12312					Y	
b12313	b12313.raw	Intensity	Intensity b12313					Y	
b12315	b12315.raw	Intensity	Intensity b12315					Y	
b12316	b12316.raw	Intensity	Intensity b12316					Y	
b12318	b12318.raw	Intensity	Intensity b12318					Y	
b12319	b12319.raw	Intensity	Intensity b12319					Y	
b12325	b12325.raw	Intensity	Intensity b12325					Y	
b12326	b12326.raw	Intensity	Intensity b12326					Y	
b12327	b12327.raw	Intensity	Intensity b12327					Y	
b12329	b12329.raw	Intensity	Intensity b12329					Y	
b12330	b12330.raw	Intensity	Intensity b12330					Y	
b12331	b12331.raw	Intensity	Intensity b12331					Y	
b12332	b12332.raw	Intensity	Intensity b12332					Y	
b12333	b12333.raw	Intensity	Intensity b12333					Y	
b12334	b12334.raw	Intensity	Intensity b12334					Y	
b12337	b12337.raw	Intensity	Intensity b12337					Y	
b12420	b12420.raw	Intensity	Intensity b12420					Y	
b12421	b12421.raw	Intensity	Intensity b12421					Y	
b12423	b12423.raw	Intensity	Intensity b12423					Y	
b12424	b12424.raw	Intensity	Intensity b12424					Y	
b12426	b12426.raw	Intensity	Intensity b12426					Y	
b12427	b12427.raw	Intensity	Intensity b12427					Y	
b12428	b12428.raw	Intensity	Intensity b12428					Y	
b12429	b12429.raw	Intensity	Intensity b12429					Y	
b12600	b12600.raw	Intensity	Intensity b12600					Y	
b12601	b12601.raw	Intensity	Intensity b12601					Y	
b12602	b12602.raw	Intensity	Intensity b12602					Y	
b12603	b12603.raw	Intensity	Intensity b12603					Y	
b12605	b12605.raw	Intensity	Intensity b12605					Y	
b12608	b12608.raw	Intensity	Intensity b12608					Y	
b13288	b13288.raw	Intensity	Intensity b13288					Y	
b13289	b13289.raw	Intensity	Intensity b13289					Y	
b13292	b13292.raw	Intensity	Intensity b13292					Y	
b13295	b13295.raw	Intensity	Intensity b13295					Y	
b13297	b13297.raw	Intensity	Intensity b13297					Y	
b13300	b13300.raw	Intensity	Intensity b13300					Y	
b13301	b13301.raw	Intensity	Intensity b13301					Y	
b13305	b13305.raw	Intensity	Intensity b13305					Y	
b13306	b13306.raw	Intensity	Intensity b13306					Y	
b13307	b13307.raw	Intensity	Intensity b13307					Y	
b13349	b13349.raw	Intensity	Intensity b13349					Y	
b13352	b13352.raw	Intensity	Intensity b13352					Y	
b13353	b13353.raw	Intensity	Intensity b13353					Y	
b13358	b13358.raw	Intensity	Intensity b13358					Y	
b13359	b13359.raw	Intensity	Intensity b13359					Y	
b13360	b13360.raw	Intensity	Intensity b13360					Y	
b13361	b13361.raw	Intensity	Intensity b13361					Y	
b13364	b13364.raw	Intensity	Intensity b13364					Y	
b13365	b13365.raw	Intensity	Intensity b13365					Y	
b13367	b13367.raw	Intensity	Intensity b13367					Y	
b13409	b13409.raw	Intensity	Intensity b13409					Y	
b13412	b13412.raw	Intensity	Intensity b13412					Y	
b13414	b13414.raw	Intensity	Intensity b13414					Y	
b13416	b13416.raw	Intensity	Intensity b13416					Y	
b13421	b13421.raw	Intensity	Intensity b13421					Y	
b13423	b13423.raw	Intensity	Intensity b13423					Y	
b13425	b13425.raw	Intensity	Intensity b13425					Y	
b13883	b13883.raw	Intensity	Intensity b13883					Y	
b13884	b13884.raw	Intensity	Intensity b13884					Y	
b13885	b13885.raw	Intensity	Intensity b13885					Y	
b13886	b13886.raw	Intensity	Intensity b13886					Y	
b13888	b13888.raw	Intensity	Intensity b13888					Y	
b13889	b13889.raw	Intensity	Intensity b13889					Y	
b13890	b13890.raw	Intensity	Intensity b13890					Y	
b13891	b13891.raw	Intensity	Intensity b13891					Y	
b13892	b13892.raw	Intensity	Intensity b13892					Y	
b13894	b13894.raw	Intensity	Intensity b13894					Y	
b13895	b13895.raw	Intensity	Intensity b13895					Y	
b13896	b13896.raw	Intensity	Intensity b13896					Y	
b13897	b13897.raw	Intensity	Intensity b13897					Y	
b13898	b13898.raw	Intensity	Intensity b13898					Y	
b13899	b13899.raw	Intensity	Intensity b13899					Y	
b14377	b14377.raw	Intensity	Intensity b14377					Y	
b14378	b14378.raw	Intensity	Intensity b14378					Y	
b14381	b14381.raw	Intensity	Intensity b14381					Y	
b14382	b14382.raw	Intensity	Intensity b14382					Y	
b14386	b14386.raw	Intensity	Intensity b14386					Y	
b14391	b14391.raw	Intensity	Intensity b14391					Y	
b14394	b14394.raw	Intensity	Intensity b14394					Y	
b14396	b14396.raw	Intensity	Intensity b14396					Y	
b14412	b14412.raw	Intensity	Intensity b14412					Y	
b14413	b14413.raw	Intensity	Intensity b14413					Y	
b14415	b14415.raw	Intensity	Intensity b14415					Y	
b14416	b14416.raw	Intensity	Intensity b14416					Y	
b14417	b14417.raw	Intensity	Intensity b14417					Y	
b14422	b14422.raw	Intensity	Intensity b14422					Y	
b14424	b14424.raw	Intensity	Intensity b14424					Y	
b14425	b14425.raw	Intensity	Intensity b14425					Y	
b14426	b14426.raw	Intensity	Intensity b14426					Y	
b14427	b14427.raw	Intensity	Intensity b14427					Y	
b14428	b14428.raw	Intensity	Intensity b14428					Y	
b14429	b14429.raw	Intensity	Intensity b14429					Y	
b14430	b14430.raw	Intensity	Intensity b14430					Y	
b14432	b14432.raw	Intensity	Intensity b14432					Y	
b14435	b14435.raw	Intensity	Intensity b14435					Y	
b14437	b14437.raw	Intensity	Intensity b14437					Y	
b14438	b14438.raw	Intensity	Intensity b14438					Y	
b14439	b14439.raw	Intensity	Intensity b14439					Y	
b14440	b14440.raw	Intensity	Intensity b14440					Y	
b14441	b14441.raw	Intensity	Intensity b14441					Y	
b14444	b14444.raw	Intensity	Intensity b14444					Y	
b14445	b14445.raw	Intensity	Intensity b14445					Y	
b14446	b14446.raw	Intensity	Intensity b14446					Y	
b14447	b14447.raw	Intensity	Intensity b14447					Y	
b14448	b14448.raw	Intensity	Intensity b14448					Y	
b14450	b14450.raw	Intensity	Intensity b14450					Y	
b14451	b14451.raw	Intensity	Intensity b14451					Y	
b14453	b14453.raw	Intensity	Intensity b14453					Y	
b14454	b14454.raw	Intensity	Intensity b14454					Y	
b14455	b14455.raw	Intensity	Intensity b14455					Y	
b14456	b14456.raw	Intensity	Intensity b14456					Y	
b14457	b14457.raw	Intensity	Intensity b14457					Y	
b14461	b14461.raw	Intensity	Intensity b14461					Y	
b14462	b14462.raw	Intensity	Intensity b14462					Y	
b14463	b14463.raw	Intensity	Intensity b14463					Y	
b14467	b14467.raw	Intensity	Intensity b14467					Y	
b14468	b14468.raw	Intensity	Intensity b14468					Y	
b14472	b14472.raw	Intensity	Intensity b14472					Y	
b14473	b14473.raw	Intensity	Intensity b14473					Y	
b14475	b14475.raw	Intensity	Intensity b14475					Y	
b14476	b14476.raw	Intensity	Intensity b14476					Y	
b14477	b14477.raw	Intensity	Intensity b14477					Y	
b14478	b14478.raw	Intensity	Intensity b14478					Y	
b14479	b14479.raw	Intensity	Intensity b14479					Y	
b14480	b14480.raw	Intensity	Intensity b14480					Y	
b14481	b14481.raw	Intensity	Intensity b14481					Y	
b14518	b14518.raw	Intensity	Intensity b14518					Y	
b14519	b14519.raw	Intensity	Intensity b14519					Y	
b14521	b14521.raw	Intensity	Intensity b14521					Y	
b14522	b14522.raw	Intensity	Intensity b14522					Y	
b14523	b14523.raw	Intensity	Intensity b14523					Y	
b14524	b14524.raw	Intensity	Intensity b14524					Y	
b14526	b14526.raw	Intensity	Intensity b14526					Y	
b15935	b15935.raw	Intensity	Intensity b15935					Y	
b15939	b15939.raw	Intensity	Intensity b15939					Y	
b18290	b18290.raw	Intensity	Intensity b18290					Y	
b18291	b18291.raw	Intensity	Intensity b18291					Y	
b18293	b18293.raw	Intensity	Intensity b18293					Y	
b18294	b18294.raw	Intensity	Intensity b18294					Y	
b18295	b18295.raw	Intensity	Intensity b18295					Y	
b18299	b18299.raw	Intensity	Intensity b18299					Y	
b18302	b18302.raw	Intensity	Intensity b18302					Y	
b18303	b18303.raw	Intensity	Intensity b18303					Y	
b18304	b18304.raw	Intensity	Intensity b18304					Y	
b18305	b18305.raw	Intensity	Intensity b18305					Y	
b18306	b18306.raw	Intensity	Intensity b18306					Y	
b18309	b18309.raw	Intensity	Intensity b18309					Y	
b18310	b18310.raw	Intensity	Intensity b18310					Y	
b18311	b18311.raw	Intensity	Intensity b18311					Y	
b18312	b18312.raw	Intensity	Intensity b18312					Y	
b18313	b18313.raw	Intensity	Intensity b18313					Y	
b18314	b18314.raw	Intensity	Intensity b18314					Y	
b18315	b18315.raw	Intensity	Intensity b18315					Y	
b18317	b18317.raw	Intensity	Intensity b18317					Y	
b18319	b18319.raw	Intensity	Intensity b18319					Y	
b18369	b18369.raw	Intensity	Intensity b18369					Y	
b18370	b18370.raw	Intensity	Intensity b18370					Y	
b18371	b18371.raw	Intensity	Intensity b18371					Y	
b18372	b18372.raw	Intensity	Intensity b18372					Y	
b18373	b18373.raw	Intensity	Intensity b18373					Y	
b18374	b18374.raw	Intensity	Intensity b18374					Y	
b18375	b18375.raw	Intensity	Intensity b18375					Y	
b18377	b18377.raw	Intensity	Intensity b18377					Y	
b18378	b18378.raw	Intensity	Intensity b18378					Y	
b18381	b18381.raw	Intensity	Intensity b18381					Y	
b18383	b18383.raw	Intensity	Intensity b18383					Y	
b18384	b18384.raw	Intensity	Intensity b18384					Y	
b18386	b18386.raw	Intensity	Intensity b18386					Y	
b18387	b18387.raw	Intensity	Intensity b18387					Y	
b18389	b18389.raw	Intensity	Intensity b18389					Y	
b18390	b18390.raw	Intensity	Intensity b18390					Y	
b18394	b18394.raw	Intensity	Intensity b18394					Y	
b18396	b18396.raw	Intensity	Intensity b18396					Y	
b18397	b18397.raw	Intensity	Intensity b18397					Y	
b18404	b18404.raw	Intensity	Intensity b18404					Y	
b18405	b18405.raw	Intensity	Intensity b18405					Y	
b18406	b18406.raw	Intensity	Intensity b18406					Y	
b18407	b18407.raw	Intensity	Intensity b18407					Y	
b18409	b18409.raw	Intensity	Intensity b18409					Y	
b18414	b18414.raw	Intensity	Intensity b18414					Y	
b18415	b18415.raw	Intensity	Intensity b18415					Y	
b18416	b18416.raw	Intensity	Intensity b18416					Y	
b18418	b18418.raw	Intensity	Intensity b18418					Y	
b18419	b18419.raw	Intensity	Intensity b18419					Y	
b18420	b18420.raw	Intensity	Intensity b18420					Y	
b18564	b18564.raw	Intensity	Intensity b18564					Y	
b18565	b18565.raw	Intensity	Intensity b18565					Y	
b18566	b18566.raw	Intensity	Intensity b18566					Y	
b18567	b18567.raw	Intensity	Intensity b18567					Y	
b18568	b18568.raw	Intensity	Intensity b18568					Y	
b18576	b18576.raw	Intensity	Intensity b18576					Y	
b18577	b18577.raw	Intensity	Intensity b18577					Y	
b18578	b18578.raw	Intensity	Intensity b18578					Y	
b18595	b18595.raw	Intensity	Intensity b18595					Y	
b18596	b18596.raw	Intensity	Intensity b18596					Y	
b18597	b18597.raw	Intensity	Intensity b18597					Y	
b18598	b18598.raw	Intensity	Intensity b18598					Y	
b18600	b18600.raw	Intensity	Intensity b18600					Y	
b18601	b18601.raw	Intensity	Intensity b18601					Y	
b18640	b18640.raw	Intensity	Intensity b18640					Y	
b18641	b18641.raw	Intensity	Intensity b18641					Y	
b18642	b18642.raw	Intensity	Intensity b18642					Y	
b18643	b18643.raw	Intensity	Intensity b18643					Y	
b18644	b18644.raw	Intensity	Intensity b18644					Y	
b18645	b18645.raw	Intensity	Intensity b18645					Y	
b18647	b18647.raw	Intensity	Intensity b18647					Y	
b18649	b18649.raw	Intensity	Intensity b18649					Y	
b18652	b18652.raw	Intensity	Intensity b18652					Y	
b18653	b18653.raw	Intensity	Intensity b18653					Y	
b18654	b18654.raw	Intensity	Intensity b18654					Y	
b18655	b18655.raw	Intensity	Intensity b18655					Y	
b18656	b18656.raw	Intensity	Intensity b18656					Y	
b18657	b18657.raw	Intensity	Intensity b18657					Y	
b18658	b18658.raw	Intensity	Intensity b18658					Y	
b18659	b18659.raw	Intensity	Intensity b18659					Y	
b18660	b18660.raw	Intensity	Intensity b18660					Y	
b18662	b18662.raw	Intensity	Intensity b18662					Y	
b18665	b18665.raw	Intensity	Intensity b18665					Y	
b18666	b18666.raw	Intensity	Intensity b18666					Y	
b18671	b18671.raw	Intensity	Intensity b18671					Y	
b18672	b18672.raw	Intensity	Intensity b18672					Y	
b18673	b18673.raw	Intensity	Intensity b18673					Y	
b18674	b18674.raw	Intensity	Intensity b18674					Y	
b18675	b18675.raw	Intensity	Intensity b18675					Y	
b18676	b18676.raw	Intensity	Intensity b18676					Y	
b18677	b18677.raw	Intensity	Intensity b18677					Y	
b18678	b18678.raw	Intensity	Intensity b18678					Y	
b18696	b18696.raw	Intensity	Intensity b18696					Y	
B20854	B20854.raw	Intensity	Intensity B20854					Y	
B20855	B20855.raw	Intensity	Intensity B20855					Y	
B20857	B20857.raw	Intensity	Intensity B20857					Y	
B20859	B20859.raw	Intensity	Intensity B20859					Y	
B20860	B20860.raw	Intensity	Intensity B20860					Y	
B20861	B20861.raw	Intensity	Intensity B20861					Y	
B20862	B20862.raw	Intensity	Intensity B20862					Y	
B20865	B20865.raw	Intensity	Intensity B20865					Y	
B20866	B20866.raw	Intensity	Intensity B20866					Y	
B20869	B20869.raw	Intensity	Intensity B20869					Y	
B20870	B20870.raw	Intensity	Intensity B20870					Y	
B20871	B20871.raw	Intensity	Intensity B20871					Y	
B20872	B20872.raw	Intensity	Intensity B20872					Y	
B20875	B20875.raw	Intensity	Intensity B20875					Y	
B20876	B20876.raw	Intensity	Intensity B20876					Y	
B20877	B20877.raw	Intensity	Intensity B20877					Y	
B20879	B20879.raw	Intensity	Intensity B20879					Y	
B20881	B20881.raw	Intensity	Intensity B20881					Y	
B20882	B20882.raw	Intensity	Intensity B20882					Y	
B20883	B20883.raw	Intensity	Intensity B20883					Y	
B20885	B20885.raw	Intensity	Intensity B20885					Y	
B20888	B20888.raw	Intensity	Intensity B20888					Y	
B20889	B20889.raw	Intensity	Intensity B20889					Y	
B20890	B20890.raw	Intensity	Intensity B20890					Y	
B20892	B20892.raw	Intensity	Intensity B20892					Y	
B20893	B20893.raw	Intensity	Intensity B20893					Y	
B20894	B20894.raw	Intensity	Intensity B20894					Y	
B20896	B20896.raw	Intensity	Intensity B20896					Y	
B20897	B20897.raw	Intensity	Intensity B20897					Y	
B20898	B20898.raw	Intensity	Intensity B20898					Y	
B20903	B20903.raw	Intensity	Intensity B20903					Y	
B20904	B20904.raw	Intensity	Intensity B20904					Y	
B20905	B20905.raw	Intensity	Intensity B20905					Y	
B20906	B20906.raw	Intensity	Intensity B20906					Y	
B20907	B20907.raw	Intensity	Intensity B20907					Y	
B20908	B20908.raw	Intensity	Intensity B20908					Y	
B20909	B20909.raw	Intensity	Intensity B20909					Y	
B20911	B20911.raw	Intensity	Intensity B20911					Y	
B20913	B20913.raw	Intensity	Intensity B20913					Y	
B20915	B20915.raw	Intensity	Intensity B20915					Y	
B20916	B20916.raw	Intensity	Intensity B20916					Y	
B20917	B20917.raw	Intensity	Intensity B20917					Y	
B20918	B20918.raw	Intensity	Intensity B20918					Y	
B20920	B20920.raw	Intensity	Intensity B20920					Y	
B20922	B20922.raw	Intensity	Intensity B20922					Y	
B20924	B20924.raw	Intensity	Intensity B20924					Y	
B20925	B20925.raw	Intensity	Intensity B20925					Y	
B20926	B20926.raw	Intensity	Intensity B20926					Y	
B20930	B20930.raw	Intensity	Intensity B20930					Y	
B20931	B20931.raw	Intensity	Intensity B20931					Y	
b3139	b3139.raw	Intensity	Intensity b3139					Y	
b3140	b3140.raw	Intensity	Intensity b3140					Y	
b3141	b3141.raw	Intensity	Intensity b3141					Y	
b3142	b3142.raw	Intensity	Intensity b3142					Y	
b3143	b3143.raw	Intensity	Intensity b3143					Y	
b3144	b3144.raw	Intensity	Intensity b3144					Y	
b3147	b3147.raw	Intensity	Intensity b3147					Y	
b3154	b3154.raw	Intensity	Intensity b3154					Y	
b3157	b3157.raw	Intensity	Intensity b3157					Y	
b3158	b3158.raw	Intensity	Intensity b3158					Y	
b3165	b3165.raw	Intensity	Intensity b3165					Y	
b3168	b3168.raw	Intensity	Intensity b3168					Y	
b3169	b3169.raw	Intensity	Intensity b3169					Y	
b3170	b3170.raw	Intensity	Intensity b3170					Y	
b3194	b3194.raw	Intensity	Intensity b3194					Y	
b3197	b3197.raw	Intensity	Intensity b3197					Y	
b3200	b3200.raw	Intensity	Intensity b3200					Y	
b3201	b3201.raw	Intensity	Intensity b3201					Y	
b3207	b3207.raw	Intensity	Intensity b3207					Y	
b3208	b3208.raw	Intensity	Intensity b3208					Y	
b3212	b3212.raw	Intensity	Intensity b3212					Y	
b3532	b3532.raw	Intensity	Intensity b3532					Y	
b3535	b3535.raw	Intensity	Intensity b3535					Y	
b3536	b3536.raw	Intensity	Intensity b3536					Y	
b3539	b3539.raw	Intensity	Intensity b3539					Y	
b3541	b3541.raw	Intensity	Intensity b3541					Y	
b3563	b3563.raw	Intensity	Intensity b3563					Y	
b3564	b3564.raw	Intensity	Intensity b3564					Y	
b3566	b3566.raw	Intensity	Intensity b3566					Y	
b3568	b3568.raw	Intensity	Intensity b3568					Y	
b3569	b3569.raw	Intensity	Intensity b3569					Y	
b3570	b3570.raw	Intensity	Intensity b3570					Y	
b3572	b3572.raw	Intensity	Intensity b3572					Y	
b3573	b3573.raw	Intensity	Intensity b3573					Y	
b3579	b3579.raw	Intensity	Intensity b3579					Y	
b3580	b3580.raw	Intensity	Intensity b3580					Y	
b3581	b3581.raw	Intensity	Intensity b3581					Y	
b3582	b3582.raw	Intensity	Intensity b3582					Y	
b3585	b3585.raw	Intensity	Intensity b3585					Y	
b3586	b3586.raw	Intensity	Intensity b3586					Y	
b3587	b3587.raw	Intensity	Intensity b3587					Y	
b3591	b3591.raw	Intensity	Intensity b3591					Y	
b3592	b3592.raw	Intensity	Intensity b3592					Y	
b3594	b3594.raw	Intensity	Intensity b3594					Y	
b3595	b3595.raw	Intensity	Intensity b3595					Y	
b3596	b3596.raw	Intensity	Intensity b3596					Y	
b3599	b3599.raw	Intensity	Intensity b3599					Y	
b3604	b3604.raw	Intensity	Intensity b3604					Y	
b3605	b3605.raw	Intensity	Intensity b3605					Y	
b3606	b3606.raw	Intensity	Intensity b3606					Y	
b3607	b3607.raw	Intensity	Intensity b3607					Y	
b3608	b3608.raw	Intensity	Intensity b3608					Y	
b3609	b3609.raw	Intensity	Intensity b3609					Y	
b3613	b3613.raw	Intensity	Intensity b3613					Y	
b3614	b3614.raw	Intensity	Intensity b3614					Y	
b3615	b3615.raw	Intensity	Intensity b3615					Y	
b3624	b3624.raw	Intensity	Intensity b3624					Y	
b3625	b3625.raw	Intensity	Intensity b3625					Y	
b3626	b3626.raw	Intensity	Intensity b3626					Y	
b3628	b3628.raw	Intensity	Intensity b3628					Y	
b3629	b3629.raw	Intensity	Intensity b3629					Y	
b3630	b3630.raw	Intensity	Intensity b3630					Y	
b3631	b3631.raw	Intensity	Intensity b3631					Y	
b3632	b3632.raw	Intensity	Intensity b3632					Y	
b3637	b3637.raw	Intensity	Intensity b3637					Y	
b3638	b3638.raw	Intensity	Intensity b3638					Y	
b3639	b3639.raw	Intensity	Intensity b3639					Y	
b3640	b3640.raw	Intensity	Intensity b3640					Y	
b3643	b3643.raw	Intensity	Intensity b3643					Y	
b3653	b3653.raw	Intensity	Intensity b3653					Y	
b3654	b3654.raw	Intensity	Intensity b3654					Y	
b3656	b3656.raw	Intensity	Intensity b3656					Y	
b3657	b3657.raw	Intensity	Intensity b3657					Y	
b3658	b3658.raw	Intensity	Intensity b3658					Y	
b3669	b3669.raw	Intensity	Intensity b3669					Y	
b3670	b3670.raw	Intensity	Intensity b3670					Y	
b3671	b3671.raw	Intensity	Intensity b3671					Y	
b3673	b3673.raw	Intensity	Intensity b3673					Y	
b3674	b3674.raw	Intensity	Intensity b3674					Y	
b3676	b3676.raw	Intensity	Intensity b3676					Y	
b3799	b3799.raw	Intensity	Intensity b3799					Y	
b3800	b3800.raw	Intensity	Intensity b3800					Y	
b3801	b3801.raw	Intensity	Intensity b3801					Y	
b5698	b5698.raw	Intensity	Intensity b5698					Y	
b5701	b5701.raw	Intensity	Intensity b5701					Y	
b5702	b5702.raw	Intensity	Intensity b5702					Y	
b5703	b5703.raw	Intensity	Intensity b5703					Y	
b5707	b5707.raw	Intensity	Intensity b5707					Y	
b5708	b5708.raw	Intensity	Intensity b5708					Y	
b5709	b5709.raw	Intensity	Intensity b5709					Y	
b5714	b5714.raw	Intensity	Intensity b5714					Y	
b5716	b5716.raw	Intensity	Intensity b5716					Y	
b5717	b5717.raw	Intensity	Intensity b5717					Y	
b5718	b5718.raw	Intensity	Intensity b5718					Y	
b5719	b5719.raw	Intensity	Intensity b5719					Y	
b5720	b5720.raw	Intensity	Intensity b5720					Y	
b5721	b5721.raw	Intensity	Intensity b5721					Y	
b5722	b5722.raw	Intensity	Intensity b5722					Y	
b5723	b5723.raw	Intensity	Intensity b5723					Y	
b5728	b5728.raw	Intensity	Intensity b5728					Y	
b5729	b5729.raw	Intensity	Intensity b5729					Y	
b5730	b5730.raw	Intensity	Intensity b5730					Y	
b5731	b5731.raw	Intensity	Intensity b5731					Y	
b5732	b5732.raw	Intensity	Intensity b5732					Y	
b5734	b5734.raw	Intensity	Intensity b5734					Y	
b5735	b5735.raw	Intensity	Intensity b5735					Y	
b5736	b5736.raw	Intensity	Intensity b5736					Y	
b5737	b5737.raw	Intensity	Intensity b5737					Y	
b5746	b5746.raw	Intensity	Intensity b5746					Y	
b5747	b5747.raw	Intensity	Intensity b5747					Y	
b5748	b5748.raw	Intensity	Intensity b5748					Y	
b5749	b5749.raw	Intensity	Intensity b5749					Y	
b5751	b5751.raw	Intensity	Intensity b5751					Y	
b5752	b5752.raw	Intensity	Intensity b5752					Y	
b5753	b5753.raw	Intensity	Intensity b5753					Y	
b5754	b5754.raw	Intensity	Intensity b5754					Y	
b5756	b5756.raw	Intensity	Intensity b5756					Y	
b5763	b5763.raw	Intensity	Intensity b5763					Y	
b5764	b5764.raw	Intensity	Intensity b5764					Y	
b5765	b5765.raw	Intensity	Intensity b5765					Y	
b5766	b5766.raw	Intensity	Intensity b5766					Y	
b5767	b5767.raw	Intensity	Intensity b5767					Y	
b5769	b5769.raw	Intensity	Intensity b5769					Y	
b5770	b5770.raw	Intensity	Intensity b5770					Y	
b5771	b5771.raw	Intensity	Intensity b5771					Y	
b5776	b5776.raw	Intensity	Intensity b5776					Y	
b5777	b5777.raw	Intensity	Intensity b5777					Y	
b5778	b5778.raw	Intensity	Intensity b5778					Y	
b5779	b5779.raw	Intensity	Intensity b5779					Y	
b5780	b5780.raw	Intensity	Intensity b5780					Y	
b5781	b5781.raw	Intensity	Intensity b5781					Y	
b5783	b5783.raw	Intensity	Intensity b5783					Y	
b5784	b5784.raw	Intensity	Intensity b5784					Y	
b5785	b5785.raw	Intensity	Intensity b5785					Y	
b5789	b5789.raw	Intensity	Intensity b5789					Y	
b5791	b5791.raw	Intensity	Intensity b5791					Y	
b5792	b5792.raw	Intensity	Intensity b5792					Y	
b5793	b5793.raw	Intensity	Intensity b5793					Y	
b5794	b5794.raw	Intensity	Intensity b5794					Y	
b5795	b5795.raw	Intensity	Intensity b5795					Y	
b5796	b5796.raw	Intensity	Intensity b5796					Y	
b5797	b5797.raw	Intensity	Intensity b5797					Y	
b5798	b5798.raw	Intensity	Intensity b5798					Y	
b5803	b5803.raw	Intensity	Intensity b5803					Y	
b5804	b5804.raw	Intensity	Intensity b5804					Y	
b5805	b5805.raw	Intensity	Intensity b5805					Y	
b5806	b5806.raw	Intensity	Intensity b5806					Y	
b5807	b5807.raw	Intensity	Intensity b5807					Y	
b5808	b5808.raw	Intensity	Intensity b5808					Y	
b5809	b5809.raw	Intensity	Intensity b5809					Y	
b5810	b5810.raw	Intensity	Intensity b5810					Y	
b5811	b5811.raw	Intensity	Intensity b5811					Y	
b5812	b5812.raw	Intensity	Intensity b5812					Y	
b8578	b8578.raw	Intensity	Intensity b8578					Y	
b8579	b8579.raw	Intensity	Intensity b8579					Y	
b8580	b8580.raw	Intensity	Intensity b8580					Y	
b8581	b8581.raw	Intensity	Intensity b8581					Y	
b8582	b8582.raw	Intensity	Intensity b8582					Y	
b8583	b8583.raw	Intensity	Intensity b8583					Y	
b8584	b8584.raw	Intensity	Intensity b8584					Y	
b8585	b8585.raw	Intensity	Intensity b8585					Y	
b8586	b8586.raw	Intensity	Intensity b8586					Y	
b8587	b8587.raw	Intensity	Intensity b8587					Y	
b8588	b8588.raw	Intensity	Intensity b8588					Y	
b8589	b8589.raw	Intensity	Intensity b8589					Y	
b8593	b8593.raw	Intensity	Intensity b8593					Y	
b8594	b8594.raw	Intensity	Intensity b8594					Y	
b8595	b8595.raw	Intensity	Intensity b8595					Y	
b8597	b8597.raw	Intensity	Intensity b8597					Y	
b8598	b8598.raw	Intensity	Intensity b8598					Y	
b8599	b8599.raw	Intensity	Intensity b8599					Y	
b8600	b8600.raw	Intensity	Intensity b8600					Y	
b8601	b8601.raw	Intensity	Intensity b8601					Y	
b8603	b8603.raw	Intensity	Intensity b8603					Y	
b8604	b8604.raw	Intensity	Intensity b8604					Y	
b8608	b8608.raw	Intensity	Intensity b8608					Y	
b8609	b8609.raw	Intensity	Intensity b8609					Y	
b8610	b8610.raw	Intensity	Intensity b8610					Y	
b8611	b8611.raw	Intensity	Intensity b8611					Y	
b8612	b8612.raw	Intensity	Intensity b8612					Y	
b8613	b8613.raw	Intensity	Intensity b8613					Y	
b8614	b8614.raw	Intensity	Intensity b8614					Y	
b8615	b8615.raw	Intensity	Intensity b8615					Y	
b8616	b8616.raw	Intensity	Intensity b8616					Y	
b8617	b8617.raw	Intensity	Intensity b8617					Y	
b8621	b8621.raw	Intensity	Intensity b8621					Y	
b8623	b8623.raw	Intensity	Intensity b8623					Y	
b8624	b8624.raw	Intensity	Intensity b8624					Y	
b8625	b8625.raw	Intensity	Intensity b8625					Y	
b8626	b8626.raw	Intensity	Intensity b8626					Y	
b8627	b8627.raw	Intensity	Intensity b8627					Y	
b8628	b8628.raw	Intensity	Intensity b8628					Y	
b8629	b8629.raw	Intensity	Intensity b8629					Y	
b8633	b8633.raw	Intensity	Intensity b8633					Y	
b8634	b8634.raw	Intensity	Intensity b8634					Y	
b8635	b8635.raw	Intensity	Intensity b8635					Y	
b8636	b8636.raw	Intensity	Intensity b8636					Y	
b8637	b8637.raw	Intensity	Intensity b8637					Y	
b8647	b8647.raw	Intensity	Intensity b8647					Y	
b8649	b8649.raw	Intensity	Intensity b8649					Y	
b8650	b8650.raw	Intensity	Intensity b8650					Y	
b8651	b8651.raw	Intensity	Intensity b8651					Y	
b8652	b8652.raw	Intensity	Intensity b8652					Y	
b8653	b8653.raw	Intensity	Intensity b8653					Y	
b8654	b8654.raw	Intensity	Intensity b8654					Y	
b8655	b8655.raw	Intensity	Intensity b8655					Y	
b8656	b8656.raw	Intensity	Intensity b8656					Y	
b8657	b8657.raw	Intensity	Intensity b8657					Y	
b8659	b8659.raw	Intensity	Intensity b8659					Y	
b8661	b8661.raw	Intensity	Intensity b8661					Y	
b8662	b8662.raw	Intensity	Intensity b8662					Y	
b8663	b8663.raw	Intensity	Intensity b8663					Y	
b8667	b8667.raw	Intensity	Intensity b8667					Y	
b8669	b8669.raw	Intensity	Intensity b8669					Y	
b8672	b8672.raw	Intensity	Intensity b8672					Y	
b8673	b8673.raw	Intensity	Intensity b8673					Y	
b8675	b8675.raw	Intensity	Intensity b8675					Y	
b8679	b8679.raw	Intensity	Intensity b8679					Y	
b8680	b8680.raw	Intensity	Intensity b8680					Y	
b8681	b8681.raw	Intensity	Intensity b8681					Y	
b8687	b8687.raw	Intensity	Intensity b8687					Y	
b8688	b8688.raw	Intensity	Intensity b8688					Y	
b8690	b8690.raw	Intensity	Intensity b8690					Y	
b8691	b8691.raw	Intensity	Intensity b8691					Y	
b8692	b8692.raw	Intensity	Intensity b8692					Y	
b9103	b9103.raw	Intensity	Intensity b9103					Y	
b9104	b9104.raw	Intensity	Intensity b9104					Y	
b9105	b9105.raw	Intensity	Intensity b9105					Y	
b9106	b9106.raw	Intensity	Intensity b9106					Y	
b9107	b9107.raw	Intensity	Intensity b9107					Y	
b9108	b9108.raw	Intensity	Intensity b9108					Y	
b9109	b9109.raw	Intensity	Intensity b9109					Y	
b9110	b9110.raw	Intensity	Intensity b9110					Y	
b9112	b9112.raw	Intensity	Intensity b9112					Y	
b9113	b9113.raw	Intensity	Intensity b9113					Y	
b9117	b9117.raw	Intensity	Intensity b9117					Y	
b9118	b9118.raw	Intensity	Intensity b9118					Y	
b9119	b9119.raw	Intensity	Intensity b9119					Y	
b9120	b9120.raw	Intensity	Intensity b9120					Y	
b9121	b9121.raw	Intensity	Intensity b9121					Y	
b9122	b9122.raw	Intensity	Intensity b9122					Y	
b9123	b9123.raw	Intensity	Intensity b9123					Y	
b9124	b9124.raw	Intensity	Intensity b9124					Y	
b9125	b9125.raw	Intensity	Intensity b9125					Y	
b9129	b9129.raw	Intensity	Intensity b9129					Y	
b9130	b9130.raw	Intensity	Intensity b9130					Y	
b9131	b9131.raw	Intensity	Intensity b9131					Y	
b9132	b9132.raw	Intensity	Intensity b9132					Y	
b9133	b9133.raw	Intensity	Intensity b9133					Y	
b9134	b9134.raw	Intensity	Intensity b9134					Y	
b9136	b9136.raw	Intensity	Intensity b9136					Y	
b9137	b9137.raw	Intensity	Intensity b9137					Y	
b9138	b9138.raw	Intensity	Intensity b9138					Y	
b9139	b9139.raw	Intensity	Intensity b9139					Y	
b9141	b9141.raw	Intensity	Intensity b9141					Y	
b9143	b9143.raw	Intensity	Intensity b9143					Y	
b9144	b9144.raw	Intensity	Intensity b9144					Y	
b9149	b9149.raw	Intensity	Intensity b9149					Y	
b9151	b9151.raw	Intensity	Intensity b9151					Y	
b9152	b9152.raw	Intensity	Intensity b9152					Y	
b9165	b9165.raw	Intensity	Intensity b9165					Y	
b9166	b9166.raw	Intensity	Intensity b9166					Y	
b9168	b9168.raw	Intensity	Intensity b9168					Y	
b9169	b9169.raw	Intensity	Intensity b9169					Y	
b9170	b9170.raw	Intensity	Intensity b9170					Y	
b9171	b9171.raw	Intensity	Intensity b9171					Y	
b9172	b9172.raw	Intensity	Intensity b9172					Y	
b9173	b9173.raw	Intensity	Intensity b9173					Y	
b9174	b9174.raw	Intensity	Intensity b9174					Y	
b9175	b9175.raw	Intensity	Intensity b9175					Y	
b9176	b9176.raw	Intensity	Intensity b9176					Y	
b9187	b9187.raw	Intensity	Intensity b9187					Y	
b9188	b9188.raw	Intensity	Intensity b9188					Y	
b9189	b9189.raw	Intensity	Intensity b9189					Y	
b9190	b9190.raw	Intensity	Intensity b9190					Y	
b9193	b9193.raw	Intensity	Intensity b9193					Y	
b9195	b9195.raw	Intensity	Intensity b9195					Y	
b9213	b9213.raw	Intensity	Intensity b9213					Y	
b9216	b9216.raw	Intensity	Intensity b9216					Y	
b9217	b9217.raw	Intensity	Intensity b9217					Y	
b9218	b9218.raw	Intensity	Intensity b9218					Y	
b9222	b9222.raw	Intensity	Intensity b9222					Y	
b9223	b9223.raw	Intensity	Intensity b9223					Y	
b9224	b9224.raw	Intensity	Intensity b9224					Y	
b9225	b9225.raw	Intensity	Intensity b9225					Y	
b9226	b9226.raw	Intensity	Intensity b9226					Y	
b9227	b9227.raw	Intensity	Intensity b9227					Y	
b9228	b9228.raw	Intensity	Intensity b9228					Y	
b9229	b9229.raw	Intensity	Intensity b9229					Y	
b9230	b9230.raw	Intensity	Intensity b9230					Y	
b9233	b9233.raw	Intensity	Intensity b9233					Y	
b9234	b9234.raw	Intensity	Intensity b9234					Y	
b9235	b9235.raw	Intensity	Intensity b9235					Y	
b9236	b9236.raw	Intensity	Intensity b9236					Y	
b9237	b9237.raw	Intensity	Intensity b9237					Y	
b9238	b9238.raw	Intensity	Intensity b9238					Y	
b9239	b9239.raw	Intensity	Intensity b9239					Y	
b9240	b9240.raw	Intensity	Intensity b9240					Y	
b9241	b9241.raw	Intensity	Intensity b9241					Y	
b9242	b9242.raw	Intensity	Intensity b9242					Y	
b9243	b9243.raw	Intensity	Intensity b9243					Y	
b9247	b9247.raw	Intensity	Intensity b9247					Y	
b9248	b9248.raw	Intensity	Intensity b9248					Y	
b9249	b9249.raw	Intensity	Intensity b9249					Y	
b9250	b9250.raw	Intensity	Intensity b9250					Y	
b9251	b9251.raw	Intensity	Intensity b9251					Y	
b9252	b9252.raw	Intensity	Intensity b9252					Y	
b9253	b9253.raw	Intensity	Intensity b9253					Y	
b9254	b9254.raw	Intensity	Intensity b9254					Y	
b9257	b9257.raw	Intensity	Intensity b9257					Y	
b9258	b9258.raw	Intensity	Intensity b9258					Y	
b9259	b9259.raw	Intensity	Intensity b9259					Y	
b9260	b9260.raw	Intensity	Intensity b9260					Y	
b9262	b9262.raw	Intensity	Intensity b9262					Y	
b9264	b9264.raw	Intensity	Intensity b9264					Y	
b9265	b9265.raw	Intensity	Intensity b9265					Y	
b9354	b9354.raw	Intensity	Intensity b9354					Y	
b9355	b9355.raw	Intensity	Intensity b9355					Y	
b9356	b9356.raw	Intensity	Intensity b9356					Y	
b9357	b9357.raw	Intensity	Intensity b9357					Y	
b9358	b9358.raw	Intensity	Intensity b9358					Y	
b9359	b9359.raw	Intensity	Intensity b9359					Y	
b9360	b9360.raw	Intensity	Intensity b9360					Y	
b9361	b9361.raw	Intensity	Intensity b9361					Y	
b9362	b9362.raw	Intensity	Intensity b9362					Y	
b9363	b9363.raw	Intensity	Intensity b9363					Y	
b9366	b9366.raw	Intensity	Intensity b9366					Y	
b9367	b9367.raw	Intensity	Intensity b9367					Y	
b9369	b9369.raw	Intensity	Intensity b9369					Y	
b9370	b9370.raw	Intensity	Intensity b9370					Y	
b9371	b9371.raw	Intensity	Intensity b9371					Y	
b9372	b9372.raw	Intensity	Intensity b9372					Y	
b9373	b9373.raw	Intensity	Intensity b9373					Y	
b9374	b9374.raw	Intensity	Intensity b9374					Y	
b9375	b9375.raw	Intensity	Intensity b9375					Y	
b9379	b9379.raw	Intensity	Intensity b9379					Y	
b9380	b9380.raw	Intensity	Intensity b9380					Y	
b9381	b9381.raw	Intensity	Intensity b9381					Y	
b9382	b9382.raw	Intensity	Intensity b9382					Y	
b9383	b9383.raw	Intensity	Intensity b9383					Y	
b9384	b9384.raw	Intensity	Intensity b9384					Y	
b9386	b9386.raw	Intensity	Intensity b9386					Y	
b9387	b9387.raw	Intensity	Intensity b9387					Y	
b9388	b9388.raw	Intensity	Intensity b9388					Y	
b9391	b9391.raw	Intensity	Intensity b9391					Y	
b9392	b9392.raw	Intensity	Intensity b9392					Y	
b9393	b9393.raw	Intensity	Intensity b9393					Y	
b9394	b9394.raw	Intensity	Intensity b9394					Y	
b9395	b9395.raw	Intensity	Intensity b9395					Y	
b9396	b9396.raw	Intensity	Intensity b9396					Y	
b9401	b9401.raw	Intensity	Intensity b9401					Y	
b9402	b9402.raw	Intensity	Intensity b9402					Y	
b9403	b9403.raw	Intensity	Intensity b9403					Y	
b9404	b9404.raw	Intensity	Intensity b9404					Y	
b9405	b9405.raw	Intensity	Intensity b9405					Y	
b9406	b9406.raw	Intensity	Intensity b9406					Y	
b9407	b9407.raw	Intensity	Intensity b9407					Y	
b9408	b9408.raw	Intensity	Intensity b9408					Y	
b9443	b9443.raw	Intensity	Intensity b9443					Y	
b9445	b9445.raw	Intensity	Intensity b9445					Y	
b9446	b9446.raw	Intensity	Intensity b9446					Y	
b9447	b9447.raw	Intensity	Intensity b9447					Y	
b9481	b9481.raw	Intensity	Intensity b9481					Y	
b9482	b9482.raw	Intensity	Intensity b9482					Y	
b9484	b9484.raw	Intensity	Intensity b9484					Y	
b9486	b9486.raw	Intensity	Intensity b9486					Y	
b9487	b9487.raw	Intensity	Intensity b9487					Y	
b9647	b9647.raw	Intensity	Intensity b9647					Y	
b9958	b9958.raw	Intensity	Intensity b9958					Y	
b9959	b9959.raw	Intensity	Intensity b9959					Y	
b9960	b9960.raw	Intensity	Intensity b9960					Y	
b9962	b9962.raw	Intensity	Intensity b9962					Y	
j10274	j10274.raw	Intensity	Intensity j10274					Y	
j10275	j10275.raw	Intensity	Intensity j10275					Y	
j10277	j10277.raw	Intensity	Intensity j10277					Y	
j10279	j10279.raw	Intensity	Intensity j10279					Y	
j10280	j10280.raw	Intensity	Intensity j10280					Y	
j10281	j10281.raw	Intensity	Intensity j10281					Y	
j10282	j10282.raw	Intensity	Intensity j10282					Y	
j10286	j10286.raw	Intensity	Intensity j10286					Y	
j10287	j10287.raw	Intensity	Intensity j10287					Y	
j10288	j10288.raw	Intensity	Intensity j10288					Y	
j10290	j10290.raw	Intensity	Intensity j10290					Y	
j10292	j10292.raw	Intensity	Intensity j10292					Y	
j10293	j10293.raw	Intensity	Intensity j10293					Y	
j10294	j10294.raw	Intensity	Intensity j10294					Y	
j10295	j10295.raw	Intensity	Intensity j10295					Y	
j10296	j10296.raw	Intensity	Intensity j10296					Y	
j10300	j10300.raw	Intensity	Intensity j10300					Y	
j10302	j10302.raw	Intensity	Intensity j10302					Y	
j10303	j10303.raw	Intensity	Intensity j10303					Y	
j10304	j10304.raw	Intensity	Intensity j10304					Y	
j10306	j10306.raw	Intensity	Intensity j10306					Y	
j10307	j10307.raw	Intensity	Intensity j10307					Y	
j10309	j10309.raw	Intensity	Intensity j10309					Y	
j10310	j10310.raw	Intensity	Intensity j10310					Y	
j10313	j10313.raw	Intensity	Intensity j10313					Y	
j10314	j10314.raw	Intensity	Intensity j10314					Y	
j10315	j10315.raw	Intensity	Intensity j10315					Y	
j10316	j10316.raw	Intensity	Intensity j10316					Y	
j10317	j10317.raw	Intensity	Intensity j10317					Y	
j10318	j10318.raw	Intensity	Intensity j10318					Y	
j10319	j10319.raw	Intensity	Intensity j10319					Y	
j10320	j10320.raw	Intensity	Intensity j10320					Y	
j10327	j10327.raw	Intensity	Intensity j10327					Y	
j10328	j10328.raw	Intensity	Intensity j10328					Y	
j10330	j10330.raw	Intensity	Intensity j10330					Y	
j10331	j10331.raw	Intensity	Intensity j10331					Y	
j10332	j10332.raw	Intensity	Intensity j10332					Y	
j10333	j10333.raw	Intensity	Intensity j10333					Y	
j10334	j10334.raw	Intensity	Intensity j10334					Y	
j10335	j10335.raw	Intensity	Intensity j10335					Y	
j10336	j10336.raw	Intensity	Intensity j10336					Y	
j10337	j10337.raw	Intensity	Intensity j10337					Y	
j10342	j10342.raw	Intensity	Intensity j10342					Y	
j10343	j10343.raw	Intensity	Intensity j10343					Y	
j10344	j10344.raw	Intensity	Intensity j10344					Y	
j10345	j10345.raw	Intensity	Intensity j10345					Y	
j10363	j10363.raw	Intensity	Intensity j10363					Y	
j10364	j10364.raw	Intensity	Intensity j10364					Y	
j10365	j10365.raw	Intensity	Intensity j10365					Y	
j10366	j10366.raw	Intensity	Intensity j10366					Y	
j10367	j10367.raw	Intensity	Intensity j10367					Y	
j10368	j10368.raw	Intensity	Intensity j10368					Y	
j10369	j10369.raw	Intensity	Intensity j10369					Y	
j10370	j10370.raw	Intensity	Intensity j10370					Y	
j10371	j10371.raw	Intensity	Intensity j10371					Y	
j10382	j10382.raw	Intensity	Intensity j10382					Y	
j10383	j10383.raw	Intensity	Intensity j10383					Y	
j10384	j10384.raw	Intensity	Intensity j10384					Y	
j10385	j10385.raw	Intensity	Intensity j10385					Y	
j10386	j10386.raw	Intensity	Intensity j10386					Y	
j10387	j10387.raw	Intensity	Intensity j10387					Y	
j10388	j10388.raw	Intensity	Intensity j10388					Y	
j10389	j10389.raw	Intensity	Intensity j10389					Y	
j10390	j10390.raw	Intensity	Intensity j10390					Y	
j10391	j10391.raw	Intensity	Intensity j10391					Y	
j10392	j10392.raw	Intensity	Intensity j10392					Y	
j10393	j10393.raw	Intensity	Intensity j10393					Y	
j10396	j10396.raw	Intensity	Intensity j10396					Y	
j10397	j10397.raw	Intensity	Intensity j10397					Y	
j10398	j10398.raw	Intensity	Intensity j10398					Y	
j10399	j10399.raw	Intensity	Intensity j10399					Y	
j10400	j10400.raw	Intensity	Intensity j10400					Y	
j10401	j10401.raw	Intensity	Intensity j10401					Y	
j10402	j10402.raw	Intensity	Intensity j10402					Y	
j10403	j10403.raw	Intensity	Intensity j10403					Y	
j10404	j10404.raw	Intensity	Intensity j10404					Y	
j10407	j10407.raw	Intensity	Intensity j10407					Y	
j10408	j10408.raw	Intensity	Intensity j10408					Y	
j10409	j10409.raw	Intensity	Intensity j10409					Y	
j10410	j10410.raw	Intensity	Intensity j10410					Y	
j10411	j10411.raw	Intensity	Intensity j10411					Y	
j10412	j10412.raw	Intensity	Intensity j10412					Y	
j10413	j10413.raw	Intensity	Intensity j10413					Y	
j10414	j10414.raw	Intensity	Intensity j10414					Y	
j10419	j10419.raw	Intensity	Intensity j10419					Y	
j10420	j10420.raw	Intensity	Intensity j10420					Y	
j10421	j10421.raw	Intensity	Intensity j10421					Y	
j10422	j10422.raw	Intensity	Intensity j10422					Y	
j10423	j10423.raw	Intensity	Intensity j10423					Y	
j10424	j10424.raw	Intensity	Intensity j10424					Y	
j10425	j10425.raw	Intensity	Intensity j10425					Y	
j10426	j10426.raw	Intensity	Intensity j10426					Y	
j10427	j10427.raw	Intensity	Intensity j10427					Y	
j10431	j10431.raw	Intensity	Intensity j10431					Y	
j10432	j10432.raw	Intensity	Intensity j10432					Y	
j10433	j10433.raw	Intensity	Intensity j10433					Y	
j10434	j10434.raw	Intensity	Intensity j10434					Y	
j10435	j10435.raw	Intensity	Intensity j10435					Y	
j10436	j10436.raw	Intensity	Intensity j10436					Y	
j10437	j10437.raw	Intensity	Intensity j10437					Y	
j10438	j10438.raw	Intensity	Intensity j10438					Y	
j10439	j10439.raw	Intensity	Intensity j10439					Y	
j10440	j10440.raw	Intensity	Intensity j10440					Y	
j10441	j10441.raw	Intensity	Intensity j10441					Y	
j10445	j10445.raw	Intensity	Intensity j10445					Y	
j10447	j10447.raw	Intensity	Intensity j10447					Y	
j10448	j10448.raw	Intensity	Intensity j10448					Y	
j10449	j10449.raw	Intensity	Intensity j10449					Y	
j10450	j10450.raw	Intensity	Intensity j10450					Y	
j10488	j10488.raw	Intensity	Intensity j10488					Y	
j10489	j10489.raw	Intensity	Intensity j10489					Y	
j10538	j10538.raw	Intensity	Intensity j10538					Y	
j10539	j10539.raw	Intensity	Intensity j10539					Y	
j10540	j10540.raw	Intensity	Intensity j10540					Y	
j10541	j10541.raw	Intensity	Intensity j10541					Y	
j10542	j10542.raw	Intensity	Intensity j10542					Y	
j10543	j10543.raw	Intensity	Intensity j10543					Y	
j10544	j10544.raw	Intensity	Intensity j10544					Y	
j10545	j10545.raw	Intensity	Intensity j10545					Y	
j10546	j10546.raw	Intensity	Intensity j10546					Y	
j10547	j10547.raw	Intensity	Intensity j10547					Y	
j10550	j10550.raw	Intensity	Intensity j10550					Y	
j10551	j10551.raw	Intensity	Intensity j10551					Y	
j10554	j10554.raw	Intensity	Intensity j10554					Y	
j10555	j10555.raw	Intensity	Intensity j10555					Y	
j10556	j10556.raw	Intensity	Intensity j10556					Y	
j10557	j10557.raw	Intensity	Intensity j10557					Y	
j10560	j10560.raw	Intensity	Intensity j10560					Y	
j10561	j10561.raw	Intensity	Intensity j10561					Y	
j10562	j10562.raw	Intensity	Intensity j10562					Y	
j10564	j10564.raw	Intensity	Intensity j10564					Y	
j10565	j10565.raw	Intensity	Intensity j10565					Y	
j10566	j10566.raw	Intensity	Intensity j10566					Y	
j10567	j10567.raw	Intensity	Intensity j10567					Y	
j10568	j10568.raw	Intensity	Intensity j10568					Y	
j10569	j10569.raw	Intensity	Intensity j10569					Y	
j10572	j10572.raw	Intensity	Intensity j10572					Y	
j10573	j10573.raw	Intensity	Intensity j10573					Y	
j10574	j10574.raw	Intensity	Intensity j10574					Y	
j10575	j10575.raw	Intensity	Intensity j10575					Y	
j10576	j10576.raw	Intensity	Intensity j10576					Y	
j10778	j10778.raw	Intensity	Intensity j10778					Y	
j10779	j10779.raw	Intensity	Intensity j10779					Y	
j10780	j10780.raw	Intensity	Intensity j10780					Y	
j10781	j10781.raw	Intensity	Intensity j10781					Y	
j10782	j10782.raw	Intensity	Intensity j10782					Y	
j10783	j10783.raw	Intensity	Intensity j10783					Y	
j10784	j10784.raw	Intensity	Intensity j10784					Y	
j10785	j10785.raw	Intensity	Intensity j10785					Y	
j10786	j10786.raw	Intensity	Intensity j10786					Y	
j10787	j10787.raw	Intensity	Intensity j10787					Y	
j10936	j10936.raw	Intensity	Intensity j10936					Y	
j10937	j10937.raw	Intensity	Intensity j10937					Y	
j13305	j13305.raw	Intensity	Intensity j13305					Y	
j13306	j13306.raw	Intensity	Intensity j13306					Y	
j13307	j13307.raw	Intensity	Intensity j13307					Y	
j13308	j13308.raw	Intensity	Intensity j13308					Y	
j13309	j13309.raw	Intensity	Intensity j13309					Y	
j13310	j13310.raw	Intensity	Intensity j13310					Y	
j13311	j13311.raw	Intensity	Intensity j13311					Y	
j13312	j13312.raw	Intensity	Intensity j13312					Y	
j13313	j13313.raw	Intensity	Intensity j13313					Y	
j13314	j13314.raw	Intensity	Intensity j13314					Y	
j13317	j13317.raw	Intensity	Intensity j13317					Y	
j13318	j13318.raw	Intensity	Intensity j13318					Y	
j13319	j13319.raw	Intensity	Intensity j13319					Y	
j13320	j13320.raw	Intensity	Intensity j13320					Y	
j13321	j13321.raw	Intensity	Intensity j13321					Y	
j13322	j13322.raw	Intensity	Intensity j13322					Y	
j13323	j13323.raw	Intensity	Intensity j13323					Y	
j13324	j13324.raw	Intensity	Intensity j13324					Y	
j13325	j13325.raw	Intensity	Intensity j13325					Y	
j13326	j13326.raw	Intensity	Intensity j13326					Y	
j13327	j13327.raw	Intensity	Intensity j13327					Y	
j13329	j13329.raw	Intensity	Intensity j13329					Y	
j13330	j13330.raw	Intensity	Intensity j13330					Y	
j13331	j13331.raw	Intensity	Intensity j13331					Y	
j13333	j13333.raw	Intensity	Intensity j13333					Y	
j13334	j13334.raw	Intensity	Intensity j13334					Y	
j13335	j13335.raw	Intensity	Intensity j13335					Y	
j13378	j13378.raw	Intensity	Intensity j13378					Y	
j13379	j13379.raw	Intensity	Intensity j13379					Y	
j13380	j13380.raw	Intensity	Intensity j13380					Y	
j13381	j13381.raw	Intensity	Intensity j13381					Y	
j13382	j13382.raw	Intensity	Intensity j13382					Y	
j13383	j13383.raw	Intensity	Intensity j13383					Y	
j13389	j13389.raw	Intensity	Intensity j13389					Y	
j13390	j13390.raw	Intensity	Intensity j13390					Y	
j13391	j13391.raw	Intensity	Intensity j13391					Y	
j13392	j13392.raw	Intensity	Intensity j13392					Y	
j13393	j13393.raw	Intensity	Intensity j13393					Y	
j13394	j13394.raw	Intensity	Intensity j13394					Y	
j13395	j13395.raw	Intensity	Intensity j13395					Y	
j13396	j13396.raw	Intensity	Intensity j13396					Y	
j13397	j13397.raw	Intensity	Intensity j13397					Y	
j13398	j13398.raw	Intensity	Intensity j13398					Y	
j13399	j13399.raw	Intensity	Intensity j13399					Y	
j13407	j13407.raw	Intensity	Intensity j13407					Y	
j13408	j13408.raw	Intensity	Intensity j13408					Y	
j14220	j14220.raw	Intensity	Intensity j14220					Y	
j14222	j14222.raw	Intensity	Intensity j14222					Y	
j14224	j14224.raw	Intensity	Intensity j14224					Y	
j14225	j14225.raw	Intensity	Intensity j14225					Y	
j14229	j14229.raw	Intensity	Intensity j14229					Y	
j14232	j14232.raw	Intensity	Intensity j14232					Y	
j14246	j14246.raw	Intensity	Intensity j14246					Y	
j14252	j14252.raw	Intensity	Intensity j14252					Y	
j14260	j14260.raw	Intensity	Intensity j14260					Y	
j14262	j14262.raw	Intensity	Intensity j14262					Y	
j14268	j14268.raw	Intensity	Intensity j14268					Y	
j14269	j14269.raw	Intensity	Intensity j14269					Y	
j14272	j14272.raw	Intensity	Intensity j14272					Y	
j14277	j14277.raw	Intensity	Intensity j14277					Y	
j14280	j14280.raw	Intensity	Intensity j14280					Y	
j14281	j14281.raw	Intensity	Intensity j14281					Y	
j14282	j14282.raw	Intensity	Intensity j14282					Y	
j14283	j14283.raw	Intensity	Intensity j14283					Y	
j14285	j14285.raw	Intensity	Intensity j14285					Y	
j14294	j14294.raw	Intensity	Intensity j14294					Y	
j14295	j14295.raw	Intensity	Intensity j14295					Y	
j14871	j14871.raw	Intensity	Intensity j14871					Y	
j14872	j14872.raw	Intensity	Intensity j14872					Y	
j14873	j14873.raw	Intensity	Intensity j14873					Y	
j14874	j14874.raw	Intensity	Intensity j14874					Y	
j14875	j14875.raw	Intensity	Intensity j14875					Y	
j14876	j14876.raw	Intensity	Intensity j14876					Y	
j14878	j14878.raw	Intensity	Intensity j14878					Y	
j14880	j14880.raw	Intensity	Intensity j14880					Y	
j14881	j14881.raw	Intensity	Intensity j14881					Y	
j14884	j14884.raw	Intensity	Intensity j14884					Y	
j14885	j14885.raw	Intensity	Intensity j14885					Y	
j14889	j14889.raw	Intensity	Intensity j14889					Y	
j14890	j14890.raw	Intensity	Intensity j14890					Y	
j14891	j14891.raw	Intensity	Intensity j14891					Y	
j14893	j14893.raw	Intensity	Intensity j14893					Y	
j14894	j14894.raw	Intensity	Intensity j14894					Y	
j14895	j14895.raw	Intensity	Intensity j14895					Y	
j14896	j14896.raw	Intensity	Intensity j14896					Y	
j14897	j14897.raw	Intensity	Intensity j14897					Y	
j14898	j14898.raw	Intensity	Intensity j14898					Y	
j14907	j14907.raw	Intensity	Intensity j14907					Y	
j14908	j14908.raw	Intensity	Intensity j14908					Y	
j14909	j14909.raw	Intensity	Intensity j14909					Y	
j14910	j14910.raw	Intensity	Intensity j14910					Y	
j14911	j14911.raw	Intensity	Intensity j14911					Y	
j14912	j14912.raw	Intensity	Intensity j14912					Y	
j14913	j14913.raw	Intensity	Intensity j14913					Y	
j14914	j14914.raw	Intensity	Intensity j14914					Y	
j14915	j14915.raw	Intensity	Intensity j14915					Y	
j14916	j14916.raw	Intensity	Intensity j14916					Y	
j14917	j14917.raw	Intensity	Intensity j14917					Y	
j15092	j15092.raw	Intensity	Intensity j15092					Y	
j15093	j15093.raw	Intensity	Intensity j15093					Y	
j15094	j15094.raw	Intensity	Intensity j15094					Y	
j15095	j15095.raw	Intensity	Intensity j15095					Y	
j15096	j15096.raw	Intensity	Intensity j15096					Y	
j15097	j15097.raw	Intensity	Intensity j15097					Y	
j15098	j15098.raw	Intensity	Intensity j15098					Y	
j15100	j15100.raw	Intensity	Intensity j15100					Y	
j15101	j15101.raw	Intensity	Intensity j15101					Y	
j15102	j15102.raw	Intensity	Intensity j15102					Y	
j15105	j15105.raw	Intensity	Intensity j15105					Y	
j15106	j15106.raw	Intensity	Intensity j15106					Y	
j15107	j15107.raw	Intensity	Intensity j15107					Y	
j15109	j15109.raw	Intensity	Intensity j15109					Y	
j15111	j15111.raw	Intensity	Intensity j15111					Y	
j15115	j15115.raw	Intensity	Intensity j15115					Y	
j15116	j15116.raw	Intensity	Intensity j15116					Y	
j15120	j15120.raw	Intensity	Intensity j15120					Y	
j15121	j15121.raw	Intensity	Intensity j15121					Y	
j15122	j15122.raw	Intensity	Intensity j15122					Y	
j15150	j15150.raw	Intensity	Intensity j15150					Y	
j15151	j15151.raw	Intensity	Intensity j15151					Y	
j18265	j18265.raw	Intensity	Intensity j18265					Y	
j19865	j19865.raw	Intensity	Intensity j19865					Y	
j3706	j3706.raw	Intensity	Intensity j3706					Y	
j3709	j3709.raw	Intensity	Intensity j3709					Y	
j3710	j3710.raw	Intensity	Intensity j3710					Y	
j3711	j3711.raw	Intensity	Intensity j3711					Y	
j3712	j3712.raw	Intensity	Intensity j3712					Y	
j3713	j3713.raw	Intensity	Intensity j3713					Y	
j3714	j3714.raw	Intensity	Intensity j3714					Y	
j3740	j3740.raw	Intensity	Intensity j3740					Y	
j3741	j3741.raw	Intensity	Intensity j3741					Y	
j3742	j3742.raw	Intensity	Intensity j3742					Y	
j3754	j3754.raw	Intensity	Intensity j3754					Y	
j3755	j3755.raw	Intensity	Intensity j3755					Y	
j3756	j3756.raw	Intensity	Intensity j3756					Y	
j3759	j3759.raw	Intensity	Intensity j3759					Y	
j3771	j3771.raw	Intensity	Intensity j3771					Y	
j3772	j3772.raw	Intensity	Intensity j3772					Y	
j3775	j3775.raw	Intensity	Intensity j3775					Y	
j4184	j4184.raw	Intensity	Intensity j4184					Y	
j4185	j4185.raw	Intensity	Intensity j4185					Y	
j4186	j4186.raw	Intensity	Intensity j4186					Y	
j4190	j4190.raw	Intensity	Intensity j4190					Y	
j4191	j4191.raw	Intensity	Intensity j4191					Y	
j4192	j4192.raw	Intensity	Intensity j4192					Y	
j4193	j4193.raw	Intensity	Intensity j4193					Y	
j4194	j4194.raw	Intensity	Intensity j4194					Y	
j4195	j4195.raw	Intensity	Intensity j4195					Y	
j4210	j4210.raw	Intensity	Intensity j4210					Y	
j4212	j4212.raw	Intensity	Intensity j4212					Y	
j4213	j4213.raw	Intensity	Intensity j4213					Y	
j4215	j4215.raw	Intensity	Intensity j4215					Y	
j4216	j4216.raw	Intensity	Intensity j4216					Y	
j4217	j4217.raw	Intensity	Intensity j4217					Y	
j4223	j4223.raw	Intensity	Intensity j4223					Y	
j4224	j4224.raw	Intensity	Intensity j4224					Y	
j4226	j4226.raw	Intensity	Intensity j4226					Y	
j4227	j4227.raw	Intensity	Intensity j4227					Y	
j4228	j4228.raw	Intensity	Intensity j4228					Y	
j4229	j4229.raw	Intensity	Intensity j4229					Y	
j4234	j4234.raw	Intensity	Intensity j4234					Y	
j4235	j4235.raw	Intensity	Intensity j4235					Y	
j4236	j4236.raw	Intensity	Intensity j4236					Y	
j4237	j4237.raw	Intensity	Intensity j4237					Y	
j4238	j4238.raw	Intensity	Intensity j4238					Y	
j4240	j4240.raw	Intensity	Intensity j4240					Y	
j4241	j4241.raw	Intensity	Intensity j4241					Y	
j4242	j4242.raw	Intensity	Intensity j4242					Y	
j4246	j4246.raw	Intensity	Intensity j4246					Y	
j4248	j4248.raw	Intensity	Intensity j4248					Y	
j4251	j4251.raw	Intensity	Intensity j4251					Y	
j4252	j4252.raw	Intensity	Intensity j4252					Y	
j4255	j4255.raw	Intensity	Intensity j4255					Y	
j4266	j4266.raw	Intensity	Intensity j4266					Y	
j4269	j4269.raw	Intensity	Intensity j4269					Y	
j4270	j4270.raw	Intensity	Intensity j4270					Y	
j4271	j4271.raw	Intensity	Intensity j4271					Y	
j4273	j4273.raw	Intensity	Intensity j4273					Y	
j4274	j4274.raw	Intensity	Intensity j4274					Y	
j4278	j4278.raw	Intensity	Intensity j4278					Y	
j4279	j4279.raw	Intensity	Intensity j4279					Y	
j4280	j4280.raw	Intensity	Intensity j4280					Y	
j4283	j4283.raw	Intensity	Intensity j4283					Y	
j4284	j4284.raw	Intensity	Intensity j4284					Y	
j4285	j4285.raw	Intensity	Intensity j4285					Y	
j4286	j4286.raw	Intensity	Intensity j4286					Y	
j4294	j4294.raw	Intensity	Intensity j4294					Y	
j4295	j4295.raw	Intensity	Intensity j4295					Y	
j4297	j4297.raw	Intensity	Intensity j4297					Y	
j4298	j4298.raw	Intensity	Intensity j4298					Y	
j4299	j4299.raw	Intensity	Intensity j4299					Y	
j4301	j4301.raw	Intensity	Intensity j4301					Y	
j4303	j4303.raw	Intensity	Intensity j4303					Y	
j4304	j4304.raw	Intensity	Intensity j4304					Y	
j4314	j4314.raw	Intensity	Intensity j4314					Y	
j4315	j4315.raw	Intensity	Intensity j4315					Y	
j4316	j4316.raw	Intensity	Intensity j4316					Y	
j4317	j4317.raw	Intensity	Intensity j4317					Y	
j4318	j4318.raw	Intensity	Intensity j4318					Y	
j6409	j6409.raw	Intensity	Intensity j6409					Y	
j6410	j6410.raw	Intensity	Intensity j6410					Y	
j6411	j6411.raw	Intensity	Intensity j6411					Y	
j6412	j6412.raw	Intensity	Intensity j6412					Y	
j6414	j6414.raw	Intensity	Intensity j6414					Y	
j6415	j6415.raw	Intensity	Intensity j6415					Y	
j6416	j6416.raw	Intensity	Intensity j6416					Y	
j6417	j6417.raw	Intensity	Intensity j6417					Y	
j6418	j6418.raw	Intensity	Intensity j6418					Y	
j6422	j6422.raw	Intensity	Intensity j6422					Y	
j6423	j6423.raw	Intensity	Intensity j6423					Y	
j6424	j6424.raw	Intensity	Intensity j6424					Y	
j6425	j6425.raw	Intensity	Intensity j6425					Y	
j6426	j6426.raw	Intensity	Intensity j6426					Y	
j6427	j6427.raw	Intensity	Intensity j6427					Y	
j6428	j6428.raw	Intensity	Intensity j6428					Y	
j6429	j6429.raw	Intensity	Intensity j6429					Y	
j6431	j6431.raw	Intensity	Intensity j6431					Y	
j6443	j6443.raw	Intensity	Intensity j6443					Y	
j6444	j6444.raw	Intensity	Intensity j6444					Y	
j6445	j6445.raw	Intensity	Intensity j6445					Y	
j6449	j6449.raw	Intensity	Intensity j6449					Y	
j6450	j6450.raw	Intensity	Intensity j6450					Y	
j6451	j6451.raw	Intensity	Intensity j6451					Y	
j6454	j6454.raw	Intensity	Intensity j6454					Y	
j6458	j6458.raw	Intensity	Intensity j6458					Y	
j6459	j6459.raw	Intensity	Intensity j6459					Y	
j6460	j6460.raw	Intensity	Intensity j6460					Y	
j6461	j6461.raw	Intensity	Intensity j6461					Y	
j6462	j6462.raw	Intensity	Intensity j6462					Y	
j6463	j6463.raw	Intensity	Intensity j6463					Y	
j6464	j6464.raw	Intensity	Intensity j6464					Y	
j6465	j6465.raw	Intensity	Intensity j6465					Y	
j6467	j6467.raw	Intensity	Intensity j6467					Y	
j6471	j6471.raw	Intensity	Intensity j6471					Y	
j6472	j6472.raw	Intensity	Intensity j6472					Y	
j6473	j6473.raw	Intensity	Intensity j6473					Y	
j6474	j6474.raw	Intensity	Intensity j6474					Y	
j6475	j6475.raw	Intensity	Intensity j6475					Y	
j6476	j6476.raw	Intensity	Intensity j6476					Y	
j6477	j6477.raw	Intensity	Intensity j6477					Y	
j6478	j6478.raw	Intensity	Intensity j6478					Y	
j6479	j6479.raw	Intensity	Intensity j6479					Y	
j6480	j6480.raw	Intensity	Intensity j6480					Y	
j6486	j6486.raw	Intensity	Intensity j6486					Y	
j6488	j6488.raw	Intensity	Intensity j6488					Y	
j6489	j6489.raw	Intensity	Intensity j6489					Y	
j6490	j6490.raw	Intensity	Intensity j6490					Y	
j6491	j6491.raw	Intensity	Intensity j6491					Y	
j6493	j6493.raw	Intensity	Intensity j6493					Y	
j6494	j6494.raw	Intensity	Intensity j6494					Y	
j6495	j6495.raw	Intensity	Intensity j6495					Y	
j6496	j6496.raw	Intensity	Intensity j6496					Y	
j6500	j6500.raw	Intensity	Intensity j6500					Y	
j6501	j6501.raw	Intensity	Intensity j6501					Y	
j6502	j6502.raw	Intensity	Intensity j6502					Y	
j6503	j6503.raw	Intensity	Intensity j6503					Y	
j6504	j6504.raw	Intensity	Intensity j6504					Y	
j6505	j6505.raw	Intensity	Intensity j6505					Y	
j6506	j6506.raw	Intensity	Intensity j6506					Y	
j6507	j6507.raw	Intensity	Intensity j6507					Y	
j6508	j6508.raw	Intensity	Intensity j6508					Y	
j6514	j6514.raw	Intensity	Intensity j6514					Y	
j6517	j6517.raw	Intensity	Intensity j6517					Y	
j6518	j6518.raw	Intensity	Intensity j6518					Y	
j6519	j6519.raw	Intensity	Intensity j6519					Y	
j6521	j6521.raw	Intensity	Intensity j6521					Y	
j6522	j6522.raw	Intensity	Intensity j6522					Y	
j6523	j6523.raw	Intensity	Intensity j6523					Y	
j6524	j6524.raw	Intensity	Intensity j6524					Y	
j6525	j6525.raw	Intensity	Intensity j6525					Y	
j6526	j6526.raw	Intensity	Intensity j6526					Y	
j9703	j9703.raw	Intensity	Intensity j9703					Y	
j9704	j9704.raw	Intensity	Intensity j9704					Y	
j9705	j9705.raw	Intensity	Intensity j9705					Y	
j9706	j9706.raw	Intensity	Intensity j9706					Y	
j9707	j9707.raw	Intensity	Intensity j9707					Y	
j9708	j9708.raw	Intensity	Intensity j9708					Y	
j9709	j9709.raw	Intensity	Intensity j9709					Y	
j9710	j9710.raw	Intensity	Intensity j9710					Y	
j9711	j9711.raw	Intensity	Intensity j9711					Y	
j9712	j9712.raw	Intensity	Intensity j9712					Y	
j9713	j9713.raw	Intensity	Intensity j9713					Y	
j9714	j9714.raw	Intensity	Intensity j9714					Y	
j9718	j9718.raw	Intensity	Intensity j9718					Y	
j9719	j9719.raw	Intensity	Intensity j9719					Y	
j9721	j9721.raw	Intensity	Intensity j9721					Y	
j9722	j9722.raw	Intensity	Intensity j9722					Y	
j9723	j9723.raw	Intensity	Intensity j9723					Y	
j9724	j9724.raw	Intensity	Intensity j9724					Y	
j9725	j9725.raw	Intensity	Intensity j9725					Y	
j9727	j9727.raw	Intensity	Intensity j9727					Y	
j9728	j9728.raw	Intensity	Intensity j9728					Y	
j9729	j9729.raw	Intensity	Intensity j9729					Y	
j9733	j9733.raw	Intensity	Intensity j9733					Y	
j9734	j9734.raw	Intensity	Intensity j9734					Y	
j9735	j9735.raw	Intensity	Intensity j9735					Y	
j9736	j9736.raw	Intensity	Intensity j9736					Y	
j9737	j9737.raw	Intensity	Intensity j9737					Y	
j9738	j9738.raw	Intensity	Intensity j9738					Y	
j9739	j9739.raw	Intensity	Intensity j9739					Y	
j9740	j9740.raw	Intensity	Intensity j9740					Y	
j9741	j9741.raw	Intensity	Intensity j9741					Y	
j9742	j9742.raw	Intensity	Intensity j9742					Y	
j9743	j9743.raw	Intensity	Intensity j9743					Y	
j9747	j9747.raw	Intensity	Intensity j9747					Y	
j9748	j9748.raw	Intensity	Intensity j9748					Y	
j9749	j9749.raw	Intensity	Intensity j9749					Y	
j9750	j9750.raw	Intensity	Intensity j9750					Y	
j9751	j9751.raw	Intensity	Intensity j9751					Y	
j9752	j9752.raw	Intensity	Intensity j9752					Y	
j9753	j9753.raw	Intensity	Intensity j9753					Y	
j9754	j9754.raw	Intensity	Intensity j9754					Y	
j9755	j9755.raw	Intensity	Intensity j9755					Y	
j9757	j9757.raw	Intensity	Intensity j9757					Y	
j9761	j9761.raw	Intensity	Intensity j9761					Y	
j9762	j9762.raw	Intensity	Intensity j9762					Y	
j9763	j9763.raw	Intensity	Intensity j9763					Y	
j9764	j9764.raw	Intensity	Intensity j9764					Y	
j9765	j9765.raw	Intensity	Intensity j9765					Y	
j9766	j9766.raw	Intensity	Intensity j9766					Y	
j9767	j9767.raw	Intensity	Intensity j9767					Y	
j9768	j9768.raw	Intensity	Intensity j9768					Y	
j9769	j9769.raw	Intensity	Intensity j9769					Y	
j9771	j9771.raw	Intensity	Intensity j9771					Y	
j9776	j9776.raw	Intensity	Intensity j9776					Y	
j9777	j9777.raw	Intensity	Intensity j9777					Y	
j9778	j9778.raw	Intensity	Intensity j9778					Y	
j9784	j9784.raw	Intensity	Intensity j9784					Y	
j9788	j9788.raw	Intensity	Intensity j9788					Y	
j9789	j9789.raw	Intensity	Intensity j9789					Y	
j9790	j9790.raw	Intensity	Intensity j9790					Y	
j9791	j9791.raw	Intensity	Intensity j9791					Y	
j9792	j9792.raw	Intensity	Intensity j9792					Y	
j9793	j9793.raw	Intensity	Intensity j9793					Y	
j9794	j9794.raw	Intensity	Intensity j9794					Y	
j9795	j9795.raw	Intensity	Intensity j9795					Y	
j9796	j9796.raw	Intensity	Intensity j9796					Y	
j9797	j9797.raw	Intensity	Intensity j9797					Y	
j9798	j9798.raw	Intensity	Intensity j9798					Y	
j9799	j9799.raw	Intensity	Intensity j9799					Y	
j9800	j9800.raw	Intensity	Intensity j9800					Y	
j9801	j9801.raw	Intensity	Intensity j9801					Y	
j9802	j9802.raw	Intensity	Intensity j9802					Y	
j9804	j9804.raw	Intensity	Intensity j9804					Y	
j9806	j9806.raw	Intensity	Intensity j9806					Y	
j9807	j9807.raw	Intensity	Intensity j9807					Y	
j9956	j9956.raw	Intensity	Intensity j9956					Y	
j9957	j9957.raw	Intensity	Intensity j9957					Y	
j9958	j9958.raw	Intensity	Intensity j9958					Y	
j9959	j9959.raw	Intensity	Intensity j9959					Y	
j9960	j9960.raw	Intensity	Intensity j9960					Y	
q10517	q10517.raw	Intensity	Intensity q10517					Y	
q10518	q10518.raw	Intensity	Intensity q10518					Y	
q10519	q10519.raw	Intensity	Intensity q10519					Y	
q10520	q10520.raw	Intensity	Intensity q10520					Y	
q10521	q10521.raw	Intensity	Intensity q10521					Y	
q10522	q10522.raw	Intensity	Intensity q10522					Y	
q10523	q10523.raw	Intensity	Intensity q10523					Y	
q10524	q10524.raw	Intensity	Intensity q10524					Y	
q10525	q10525.raw	Intensity	Intensity q10525					Y	
q10526	q10526.raw	Intensity	Intensity q10526					Y	
q10527	q10527.raw	Intensity	Intensity q10527					Y	
q10528	q10528.raw	Intensity	Intensity q10528					Y	
q10529	q10529.raw	Intensity	Intensity q10529					Y	
q10531	q10531.raw	Intensity	Intensity q10531					Y	
q10532	q10532.raw	Intensity	Intensity q10532					Y	
q10533	q10533.raw	Intensity	Intensity q10533					Y	
q10537	q10537.raw	Intensity	Intensity q10537					Y	
q10539	q10539.raw	Intensity	Intensity q10539					Y	
q10540	q10540.raw	Intensity	Intensity q10540					Y	
q10541	q10541.raw	Intensity	Intensity q10541					Y	
q10542	q10542.raw	Intensity	Intensity q10542					Y	
q10543	q10543.raw	Intensity	Intensity q10543					Y	
q10544	q10544.raw	Intensity	Intensity q10544					Y	
q10545	q10545.raw	Intensity	Intensity q10545					Y	
q10546	q10546.raw	Intensity	Intensity q10546					Y	
q10547	q10547.raw	Intensity	Intensity q10547					Y	
q10550	q10550.raw	Intensity	Intensity q10550					Y	
q10551	q10551.raw	Intensity	Intensity q10551					Y	
q10552	q10552.raw	Intensity	Intensity q10552					Y	
q10553	q10553.raw	Intensity	Intensity q10553					Y	
q10554	q10554.raw	Intensity	Intensity q10554					Y	
q10558	q10558.raw	Intensity	Intensity q10558					Y	
q10559	q10559.raw	Intensity	Intensity q10559					Y	
q10560	q10560.raw	Intensity	Intensity q10560					Y	
q10561	q10561.raw	Intensity	Intensity q10561					Y	
q10562	q10562.raw	Intensity	Intensity q10562					Y	
q10567	q10567.raw	Intensity	Intensity q10567					Y	
q10568	q10568.raw	Intensity	Intensity q10568					Y	
q10569	q10569.raw	Intensity	Intensity q10569					Y	
q10570	q10570.raw	Intensity	Intensity q10570					Y	
q10571	q10571.raw	Intensity	Intensity q10571					Y	
q10573	q10573.raw	Intensity	Intensity q10573					Y	
q10574	q10574.raw	Intensity	Intensity q10574					Y	
q10575	q10575.raw	Intensity	Intensity q10575					Y	
q10577	q10577.raw	Intensity	Intensity q10577					Y	
q10654	q10654.raw	Intensity	Intensity q10654					Y	
q10678	q10678.raw	Intensity	Intensity q10678					Y	
q10681	q10681.raw	Intensity	Intensity q10681					Y	
q11337	q11337.raw	Intensity	Intensity q11337					Y	
q11348	q11348.raw	Intensity	Intensity q11348					Y	
q11349	q11349.raw	Intensity	Intensity q11349					Y	
q11353	q11353.raw	Intensity	Intensity q11353					Y	
q11360	q11360.raw	Intensity	Intensity q11360					Y	
q11363	q11363.raw	Intensity	Intensity q11363					Y	
q11368	q11368.raw	Intensity	Intensity q11368					Y	
q11370	q11370.raw	Intensity	Intensity q11370					Y	
q11371	q11371.raw	Intensity	Intensity q11371					Y	
q11372	q11372.raw	Intensity	Intensity q11372					Y	
q11965	q11965.raw	Intensity	Intensity q11965					Y	
q11968	q11968.raw	Intensity	Intensity q11968					Y	
q11969	q11969.raw	Intensity	Intensity q11969					Y	
q11970	q11970.raw	Intensity	Intensity q11970					Y	
q11972	q11972.raw	Intensity	Intensity q11972					Y	
q11973	q11973.raw	Intensity	Intensity q11973					Y	
q11974	q11974.raw	Intensity	Intensity q11974					Y	
q11977	q11977.raw	Intensity	Intensity q11977					Y	
q11978	q11978.raw	Intensity	Intensity q11978					Y	
q11979	q11979.raw	Intensity	Intensity q11979					Y	
q11980	q11980.raw	Intensity	Intensity q11980					Y	
q11981	q11981.raw	Intensity	Intensity q11981					Y	
q11982	q11982.raw	Intensity	Intensity q11982					Y	
q11983	q11983.raw	Intensity	Intensity q11983					Y	
q11988	q11988.raw	Intensity	Intensity q11988					Y	
q11989	q11989.raw	Intensity	Intensity q11989					Y	
q11990	q11990.raw	Intensity	Intensity q11990					Y	
q11992	q11992.raw	Intensity	Intensity q11992					Y	
q11993	q11993.raw	Intensity	Intensity q11993					Y	
q11994	q11994.raw	Intensity	Intensity q11994					Y	
q11995	q11995.raw	Intensity	Intensity q11995					Y	
q11996	q11996.raw	Intensity	Intensity q11996					Y	
q11997	q11997.raw	Intensity	Intensity q11997					Y	
q12001	q12001.raw	Intensity	Intensity q12001					Y	
q12002	q12002.raw	Intensity	Intensity q12002					Y	
q12005	q12005.raw	Intensity	Intensity q12005					Y	
q12006	q12006.raw	Intensity	Intensity q12006					Y	
q12008	q12008.raw	Intensity	Intensity q12008					Y	
q12010	q12010.raw	Intensity	Intensity q12010					Y	
q12011	q12011.raw	Intensity	Intensity q12011					Y	
q12012	q12012.raw	Intensity	Intensity q12012					Y	
q12014	q12014.raw	Intensity	Intensity q12014					Y	
q12015	q12015.raw	Intensity	Intensity q12015					Y	
q12020	q12020.raw	Intensity	Intensity q12020					Y	
q12021	q12021.raw	Intensity	Intensity q12021					Y	
q12022	q12022.raw	Intensity	Intensity q12022					Y	
q12023	q12023.raw	Intensity	Intensity q12023					Y	
q12024	q12024.raw	Intensity	Intensity q12024					Y	
q12026	q12026.raw	Intensity	Intensity q12026					Y	
q12027	q12027.raw	Intensity	Intensity q12027					Y	
q12048	q12048.raw	Intensity	Intensity q12048					Y	
q12049	q12049.raw	Intensity	Intensity q12049					Y	
q12050	q12050.raw	Intensity	Intensity q12050					Y	
q12051	q12051.raw	Intensity	Intensity q12051					Y	
q12052	q12052.raw	Intensity	Intensity q12052					Y	
q12053	q12053.raw	Intensity	Intensity q12053					Y	
q12054	q12054.raw	Intensity	Intensity q12054					Y	
q12055	q12055.raw	Intensity	Intensity q12055					Y	
q12056	q12056.raw	Intensity	Intensity q12056					Y	
q12128	q12128.raw	Intensity	Intensity q12128					Y	
q12133	q12133.raw	Intensity	Intensity q12133					Y	
q12135	q12135.raw	Intensity	Intensity q12135					Y	
q12137	q12137.raw	Intensity	Intensity q12137					Y	
q12138	q12138.raw	Intensity	Intensity q12138					Y	
q12139	q12139.raw	Intensity	Intensity q12139					Y	
q12142	q12142.raw	Intensity	Intensity q12142					Y	
q12143	q12143.raw	Intensity	Intensity q12143					Y	
q12144	q12144.raw	Intensity	Intensity q12144					Y	
q12146	q12146.raw	Intensity	Intensity q12146					Y	
q12148	q12148.raw	Intensity	Intensity q12148					Y	
q12152	q12152.raw	Intensity	Intensity q12152					Y	
q12153	q12153.raw	Intensity	Intensity q12153					Y	
q12550	q12550.raw	Intensity	Intensity q12550					Y	
q12551	q12551.raw	Intensity	Intensity q12551					Y	
q12552	q12552.raw	Intensity	Intensity q12552					Y	
q12553	q12553.raw	Intensity	Intensity q12553					Y	
q12554	q12554.raw	Intensity	Intensity q12554					Y	
q12556	q12556.raw	Intensity	Intensity q12556					Y	
q12557	q12557.raw	Intensity	Intensity q12557					Y	
q12559	q12559.raw	Intensity	Intensity q12559					Y	
q12560	q12560.raw	Intensity	Intensity q12560					Y	
q12561	q12561.raw	Intensity	Intensity q12561					Y	
q12562	q12562.raw	Intensity	Intensity q12562					Y	
q12563	q12563.raw	Intensity	Intensity q12563					Y	
q12566	q12566.raw	Intensity	Intensity q12566					Y	
q12567	q12567.raw	Intensity	Intensity q12567					Y	
q12568	q12568.raw	Intensity	Intensity q12568					Y	
q12569	q12569.raw	Intensity	Intensity q12569					Y	
q12570	q12570.raw	Intensity	Intensity q12570					Y	
q12571	q12571.raw	Intensity	Intensity q12571					Y	
q12572	q12572.raw	Intensity	Intensity q12572					Y	
q12575	q12575.raw	Intensity	Intensity q12575					Y	
q12577	q12577.raw	Intensity	Intensity q12577					Y	
q12578	q12578.raw	Intensity	Intensity q12578					Y	
q12579	q12579.raw	Intensity	Intensity q12579					Y	
q12580	q12580.raw	Intensity	Intensity q12580					Y	
q12581	q12581.raw	Intensity	Intensity q12581					Y	
q12582	q12582.raw	Intensity	Intensity q12582					Y	
q12583	q12583.raw	Intensity	Intensity q12583					Y	
q12584	q12584.raw	Intensity	Intensity q12584					Y	
q12585	q12585.raw	Intensity	Intensity q12585					Y	
q12586	q12586.raw	Intensity	Intensity q12586					Y	
q12590	q12590.raw	Intensity	Intensity q12590					Y	
q12591	q12591.raw	Intensity	Intensity q12591					Y	
q12592	q12592.raw	Intensity	Intensity q12592					Y	
q12593	q12593.raw	Intensity	Intensity q12593					Y	
q12594	q12594.raw	Intensity	Intensity q12594					Y	
q12595	q12595.raw	Intensity	Intensity q12595					Y	
q12626	q12626.raw	Intensity	Intensity q12626					Y	
q12627	q12627.raw	Intensity	Intensity q12627					Y	
q12631	q12631.raw	Intensity	Intensity q12631					Y	
q12632	q12632.raw	Intensity	Intensity q12632					Y	
q12634	q12634.raw	Intensity	Intensity q12634					Y	
q12647	q12647.raw	Intensity	Intensity q12647					Y	
q12648	q12648.raw	Intensity	Intensity q12648					Y	
q12649	q12649.raw	Intensity	Intensity q12649					Y	
q12650	q12650.raw	Intensity	Intensity q12650					Y	
q12652	q12652.raw	Intensity	Intensity q12652					Y	
q12653	q12653.raw	Intensity	Intensity q12653					Y	
q12659	q12659.raw	Intensity	Intensity q12659					Y	
q12660	q12660.raw	Intensity	Intensity q12660					Y	
q12664	q12664.raw	Intensity	Intensity q12664					Y	
q12665	q12665.raw	Intensity	Intensity q12665					Y	
q12666	q12666.raw	Intensity	Intensity q12666					Y	
q12780	q12780.raw	Intensity	Intensity q12780					Y	
q12788	q12788.raw	Intensity	Intensity q12788					Y	
q12796	q12796.raw	Intensity	Intensity q12796					Y	
q12796b	q12796b.raw	Intensity	Intensity q12796b					Y	
q12797	q12797.raw	Intensity	Intensity q12797					Y	
q12798	q12798.raw	Intensity	Intensity q12798					Y	
q12799	q12799.raw	Intensity	Intensity q12799					Y	
q12800b	q12800b.raw	Intensity	Intensity q12800b					Y	
q12801	q12801.raw	Intensity	Intensity q12801					Y	
q12802	q12802.raw	Intensity	Intensity q12802					Y	
q16269	q16269.raw	Intensity	Intensity q16269					Y	
q16271	q16271.raw	Intensity	Intensity q16271					Y	
q16272	q16272.raw	Intensity	Intensity q16272					Y	
q16273	q16273.raw	Intensity	Intensity q16273					Y	
q16274	q16274.raw	Intensity	Intensity q16274					Y	
q16275	q16275.raw	Intensity	Intensity q16275					Y	
q16276	q16276.raw	Intensity	Intensity q16276					Y	
q16277	q16277.raw	Intensity	Intensity q16277					Y	
q16278	q16278.raw	Intensity	Intensity q16278					Y	
q16281	q16281.raw	Intensity	Intensity q16281					Y	
q16282	q16282.raw	Intensity	Intensity q16282					Y	
q16283	q16283.raw	Intensity	Intensity q16283					Y	
q16284	q16284.raw	Intensity	Intensity q16284					Y	
q16285	q16285.raw	Intensity	Intensity q16285					Y	
q16288	q16288.raw	Intensity	Intensity q16288					Y	
q16292	q16292.raw	Intensity	Intensity q16292					Y	
q16293	q16293.raw	Intensity	Intensity q16293					Y	
q16294	q16294.raw	Intensity	Intensity q16294					Y	
q16296	q16296.raw	Intensity	Intensity q16296					Y	
q16297	q16297.raw	Intensity	Intensity q16297					Y	
q16311	q16311.raw	Intensity	Intensity q16311					Y	
q16312	q16312.raw	Intensity	Intensity q16312					Y	
q16314	q16314.raw	Intensity	Intensity q16314					Y	
q16315	q16315.raw	Intensity	Intensity q16315					Y	
q16317	q16317.raw	Intensity	Intensity q16317					Y	
q16318	q16318.raw	Intensity	Intensity q16318					Y	
q16320	q16320.raw	Intensity	Intensity q16320					Y	
q16323	q16323.raw	Intensity	Intensity q16323					Y	
q16324	q16324.raw	Intensity	Intensity q16324					Y	
q16326	q16326.raw	Intensity	Intensity q16326					Y	
q16327	q16327.raw	Intensity	Intensity q16327					Y	
q16328	q16328.raw	Intensity	Intensity q16328					Y	
q16329	q16329.raw	Intensity	Intensity q16329					Y	
q16330	q16330.raw	Intensity	Intensity q16330					Y	
q16331	q16331.raw	Intensity	Intensity q16331					Y	
q16332	q16332.raw	Intensity	Intensity q16332					Y	
q16382	q16382.raw	Intensity	Intensity q16382					Y	
q16383	q16383.raw	Intensity	Intensity q16383					Y	
q16384	q16384.raw	Intensity	Intensity q16384					Y	
q16386	q16386.raw	Intensity	Intensity q16386					Y	
q16387	q16387.raw	Intensity	Intensity q16387					Y	
q16388	q16388.raw	Intensity	Intensity q16388					Y	
q16393	q16393.raw	Intensity	Intensity q16393					Y	
q16395	q16395.raw	Intensity	Intensity q16395					Y	
q16396	q16396.raw	Intensity	Intensity q16396					Y	
q16397	q16397.raw	Intensity	Intensity q16397					Y	
q16398	q16398.raw	Intensity	Intensity q16398					Y	
q16405	q16405.raw	Intensity	Intensity q16405					Y	
q16406	q16406.raw	Intensity	Intensity q16406					Y	
q16408	q16408.raw	Intensity	Intensity q16408					Y	
q16544	q16544.raw	Intensity	Intensity q16544					Y	
q16545	q16545.raw	Intensity	Intensity q16545					Y	
q16546	q16546.raw	Intensity	Intensity q16546					Y	
q16547	q16547.raw	Intensity	Intensity q16547					Y	
q16548	q16548.raw	Intensity	Intensity q16548					Y	
q16549	q16549.raw	Intensity	Intensity q16549					Y	
q16550	q16550.raw	Intensity	Intensity q16550					Y	
q16555	q16555.raw	Intensity	Intensity q16555					Y	
q16556	q16556.raw	Intensity	Intensity q16556					Y	
q16557	q16557.raw	Intensity	Intensity q16557					Y	
q16559	q16559.raw	Intensity	Intensity q16559					Y	
q16560	q16560.raw	Intensity	Intensity q16560					Y	
q16561	q16561.raw	Intensity	Intensity q16561					Y	
q16562	q16562.raw	Intensity	Intensity q16562					Y	
q16563	q16563.raw	Intensity	Intensity q16563					Y	
q16617	q16617.raw	Intensity	Intensity q16617					Y	
q16619	q16619.raw	Intensity	Intensity q16619					Y	
q16621	q16621.raw	Intensity	Intensity q16621					Y	
q16622	q16622.raw	Intensity	Intensity q16622					Y	
q16623	q16623.raw	Intensity	Intensity q16623					Y	
q16624	q16624.raw	Intensity	Intensity q16624					Y	
q16625	q16625.raw	Intensity	Intensity q16625					Y	
q16626	q16626.raw	Intensity	Intensity q16626					Y	
q16632	q16632.raw	Intensity	Intensity q16632					Y	
q16638	q16638.raw	Intensity	Intensity q16638					Y	
q16639	q16639.raw	Intensity	Intensity q16639					Y	
q16640	q16640.raw	Intensity	Intensity q16640					Y	
q16641	q16641.raw	Intensity	Intensity q16641					Y	
q16642	q16642.raw	Intensity	Intensity q16642					Y	
q16643	q16643.raw	Intensity	Intensity q16643					Y	
q16644	q16644.raw	Intensity	Intensity q16644					Y	
q16645	q16645.raw	Intensity	Intensity q16645					Y	
q16646	q16646.raw	Intensity	Intensity q16646					Y	
q16647	q16647.raw	Intensity	Intensity q16647					Y	
q16650	q16650.raw	Intensity	Intensity q16650					Y	
q16656	q16656.raw	Intensity	Intensity q16656					Y	
q16657	q16657.raw	Intensity	Intensity q16657					Y	
q16658	q16658.raw	Intensity	Intensity q16658					Y	
q16659	q16659.raw	Intensity	Intensity q16659					Y	
q16660	q16660.raw	Intensity	Intensity q16660					Y	
q16661	q16661.raw	Intensity	Intensity q16661					Y	
q16662	q16662.raw	Intensity	Intensity q16662					Y	
q16663	q16663.raw	Intensity	Intensity q16663					Y	
q16664	q16664.raw	Intensity	Intensity q16664					Y	
q18776	q18776.raw	Intensity	Intensity q18776					Y	
q18777	q18777.raw	Intensity	Intensity q18777					Y	
q18781	q18781.raw	Intensity	Intensity q18781					Y	
q18782	q18782.raw	Intensity	Intensity q18782					Y	
q18783	q18783.raw	Intensity	Intensity q18783					Y	
q18785	q18785.raw	Intensity	Intensity q18785					Y	
q18787	q18787.raw	Intensity	Intensity q18787					Y	
q18789	q18789.raw	Intensity	Intensity q18789					Y	
q18790	q18790.raw	Intensity	Intensity q18790					Y	
q18791	q18791.raw	Intensity	Intensity q18791					Y	
q18792	q18792.raw	Intensity	Intensity q18792					Y	
q18794	q18794.raw	Intensity	Intensity q18794					Y	
q18796	q18796.raw	Intensity	Intensity q18796					Y	
q18798	q18798.raw	Intensity	Intensity q18798					Y	
q18799	q18799.raw	Intensity	Intensity q18799					Y	
q18800	q18800.raw	Intensity	Intensity q18800					Y	
q18801	q18801.raw	Intensity	Intensity q18801					Y	
q18802	q18802.raw	Intensity	Intensity q18802					Y	
q18803	q18803.raw	Intensity	Intensity q18803					Y	
q18804	q18804.raw	Intensity	Intensity q18804					Y	
q18808	q18808.raw	Intensity	Intensity q18808					Y	
q18809	q18809.raw	Intensity	Intensity q18809					Y	
q18810	q18810.raw	Intensity	Intensity q18810					Y	
q18811	q18811.raw	Intensity	Intensity q18811					Y	
q18813	q18813.raw	Intensity	Intensity q18813					Y	
q18814	q18814.raw	Intensity	Intensity q18814					Y	
q18815	q18815.raw	Intensity	Intensity q18815					Y	
q18817	q18817.raw	Intensity	Intensity q18817					Y	
q18818	q18818.raw	Intensity	Intensity q18818					Y	
q18819	q18819.raw	Intensity	Intensity q18819					Y	
q18822	q18822.raw	Intensity	Intensity q18822					Y	
q18824	q18824.raw	Intensity	Intensity q18824					Y	
q18825	q18825.raw	Intensity	Intensity q18825					Y	
q18826	q18826.raw	Intensity	Intensity q18826					Y	
q18828	q18828.raw	Intensity	Intensity q18828					Y	
q18830	q18830.raw	Intensity	Intensity q18830					Y	
q18831	q18831.raw	Intensity	Intensity q18831					Y	
q18832	q18832.raw	Intensity	Intensity q18832					Y	
q18835	q18835.raw	Intensity	Intensity q18835					Y	
q18836	q18836.raw	Intensity	Intensity q18836					Y	
q18837	q18837.raw	Intensity	Intensity q18837					Y	
q18838	q18838.raw	Intensity	Intensity q18838					Y	
q18841	q18841.raw	Intensity	Intensity q18841					Y	
q18842	q18842.raw	Intensity	Intensity q18842					Y	
q18843	q18843.raw	Intensity	Intensity q18843					Y	
q18845	q18845.raw	Intensity	Intensity q18845					Y	
q18846	q18846.raw	Intensity	Intensity q18846					Y	
q18847	q18847.raw	Intensity	Intensity q18847					Y	
q18848	q18848.raw	Intensity	Intensity q18848					Y	
q18851	q18851.raw	Intensity	Intensity q18851					Y	
q18853	q18853.raw	Intensity	Intensity q18853					Y	
q18854	q18854.raw	Intensity	Intensity q18854					Y	
q19000	q19000.raw	Intensity	Intensity q19000					Y	
q19003	q19003.raw	Intensity	Intensity q19003					Y	
q3696	q3696.raw	Intensity	Intensity q3696					Y	
q3697	q3697.raw	Intensity	Intensity q3697					Y	
q7408	q7408.raw	Intensity	Intensity q7408					Y	
q7409	q7409.raw	Intensity	Intensity q7409					Y	
q7410	q7410.raw	Intensity	Intensity q7410					Y	
q7411	q7411.raw	Intensity	Intensity q7411					Y	
q7413	q7413.raw	Intensity	Intensity q7413					Y	
q7414	q7414.raw	Intensity	Intensity q7414					Y	
q7551	q7551.raw	Intensity	Intensity q7551					Y	
q7552	q7552.raw	Intensity	Intensity q7552					Y	
q7554	q7554.raw	Intensity	Intensity q7554					Y	
q7555	q7555.raw	Intensity	Intensity q7555					Y	
q7557	q7557.raw	Intensity	Intensity q7557					Y	
q7558	q7558.raw	Intensity	Intensity q7558					Y	
q7559	q7559.raw	Intensity	Intensity q7559					Y	
q7561	q7561.raw	Intensity	Intensity q7561					Y	
q7568	q7568.raw	Intensity	Intensity q7568					Y	
q7569	q7569.raw	Intensity	Intensity q7569					Y	
q7570	q7570.raw	Intensity	Intensity q7570					Y	
q7571	q7571.raw	Intensity	Intensity q7571					Y	
q7572	q7572.raw	Intensity	Intensity q7572					Y	
q7573	q7573.raw	Intensity	Intensity q7573					Y	
q7574	q7574.raw	Intensity	Intensity q7574					Y	
q7576	q7576.raw	Intensity	Intensity q7576					Y	
q7636	q7636.raw	Intensity	Intensity q7636					Y	
q7637	q7637.raw	Intensity	Intensity q7637					Y	
q7638	q7638.raw	Intensity	Intensity q7638					Y	
q7641	q7641.raw	Intensity	Intensity q7641					Y	
q7646	q7646.raw	Intensity	Intensity q7646					Y	
q7647	q7647.raw	Intensity	Intensity q7647					Y	
q7648	q7648.raw	Intensity	Intensity q7648					Y	
q7649	q7649.raw	Intensity	Intensity q7649					Y	
q7650	q7650.raw	Intensity	Intensity q7650					Y	
q7651	q7651.raw	Intensity	Intensity q7651					Y	
q7652	q7652.raw	Intensity	Intensity q7652					Y	
q7653	q7653.raw	Intensity	Intensity q7653					Y	
q7654	q7654.raw	Intensity	Intensity q7654					Y	
q7655	q7655.raw	Intensity	Intensity q7655					Y	
q7656	q7656.raw	Intensity	Intensity q7656					Y	
q7659	q7659.raw	Intensity	Intensity q7659					Y	
q7660	q7660.raw	Intensity	Intensity q7660					Y	
q7661	q7661.raw	Intensity	Intensity q7661					Y	
q7662	q7662.raw	Intensity	Intensity q7662					Y	
q7663	q7663.raw	Intensity	Intensity q7663					Y	
q7664	q7664.raw	Intensity	Intensity q7664					Y	
q7665	q7665.raw	Intensity	Intensity q7665					Y	
q7666	q7666.raw	Intensity	Intensity q7666					Y	
q7667	q7667.raw	Intensity	Intensity q7667					Y	
q7670	q7670.raw	Intensity	Intensity q7670					Y	
q7671	q7671.raw	Intensity	Intensity q7671					Y	
q7672	q7672.raw	Intensity	Intensity q7672					Y	
q7673	q7673.raw	Intensity	Intensity q7673					Y	
q7674	q7674.raw	Intensity	Intensity q7674					Y	
q7675	q7675.raw	Intensity	Intensity q7675					Y	
q7676	q7676.raw	Intensity	Intensity q7676					Y	
q7677	q7677.raw	Intensity	Intensity q7677					Y	
q7678	q7678.raw	Intensity	Intensity q7678					Y	
q7757	q7757.raw	Intensity	Intensity q7757					Y	
q7758	q7758.raw	Intensity	Intensity q7758					Y	
q7759	q7759.raw	Intensity	Intensity q7759					Y	
q7760	q7760.raw	Intensity	Intensity q7760					Y	
q7761	q7761.raw	Intensity	Intensity q7761					Y	
q7762	q7762.raw	Intensity	Intensity q7762					Y	
q7763	q7763.raw	Intensity	Intensity q7763					Y	
q7765	q7765.raw	Intensity	Intensity q7765					Y	
q7766	q7766.raw	Intensity	Intensity q7766					Y	
q7769	q7769.raw	Intensity	Intensity q7769					Y	
q7772	q7772.raw	Intensity	Intensity q7772					Y	
q7774	q7774.raw	Intensity	Intensity q7774					Y	
q7776	q7776.raw	Intensity	Intensity q7776					Y	
q7777	q7777.raw	Intensity	Intensity q7777					Y	
q7778	q7778.raw	Intensity	Intensity q7778					Y	
q7779	q7779.raw	Intensity	Intensity q7779					Y	
q7780	q7780.raw	Intensity	Intensity q7780					Y	
q7786	q7786.raw	Intensity	Intensity q7786					Y	
q7787	q7787.raw	Intensity	Intensity q7787					Y	
q7788	q7788.raw	Intensity	Intensity q7788					Y	
q7790	q7790.raw	Intensity	Intensity q7790					Y	
q7791	q7791.raw	Intensity	Intensity q7791					Y	
q7794	q7794.raw	Intensity	Intensity q7794					Y	
q7795	q7795.raw	Intensity	Intensity q7795					Y	
q7796	q7796.raw	Intensity	Intensity q7796					Y	
q7797	q7797.raw	Intensity	Intensity q7797					Y	
q7799	q7799.raw	Intensity	Intensity q7799					Y	
q7800	q7800.raw	Intensity	Intensity q7800					Y	
q7801	q7801.raw	Intensity	Intensity q7801					Y	
q7803	q7803.raw	Intensity	Intensity q7803					Y	
q8025	q8025.raw	Intensity	Intensity q8025					Y	
q8026	q8026.raw	Intensity	Intensity q8026					Y	
q8027	q8027.raw	Intensity	Intensity q8027					Y	
q8028	q8028.raw	Intensity	Intensity q8028					Y	
q8029	q8029.raw	Intensity	Intensity q8029					Y	
q8030	q8030.raw	Intensity	Intensity q8030					Y	
q8031	q8031.raw	Intensity	Intensity q8031					Y	
q8033	q8033.raw	Intensity	Intensity q8033					Y	
q8038	q8038.raw	Intensity	Intensity q8038					Y	
q8039	q8039.raw	Intensity	Intensity q8039					Y	
q8040	q8040.raw	Intensity	Intensity q8040					Y	
q8041	q8041.raw	Intensity	Intensity q8041					Y	
q8042	q8042.raw	Intensity	Intensity q8042					Y	
q8043	q8043.raw	Intensity	Intensity q8043					Y	
q8044	q8044.raw	Intensity	Intensity q8044					Y	
q8045	q8045.raw	Intensity	Intensity q8045					Y	
q8046	q8046.raw	Intensity	Intensity q8046					Y	
q8047	q8047.raw	Intensity	Intensity q8047					Y	
q8065	q8065.raw	Intensity	Intensity q8065					Y	
q8070	q8070.raw	Intensity	Intensity q8070					Y	
q8071	q8071.raw	Intensity	Intensity q8071					Y	
q8072	q8072.raw	Intensity	Intensity q8072					Y	
q8073	q8073.raw	Intensity	Intensity q8073					Y	
