sample_id	raw_file_name	plate	well	replicate_letter	ip_name	bait_name	replicate_group	keep
b10494	b10494.raw	81110	G07	C	b10494	TBC1D14	TBC1D14	Y
b10495	b10495.raw	81110	G06	C	b10495	VILL	VILL	Y
b12290	b12290.raw	81131	B12	B	b12290	YBEY	YBEY	Y
b12292	b12292.raw	81131	B10	B	b12292	CHL1	CHL1	Y
b12293	b12293.raw	81131	B09	B	b12293	MAML2	MAML2	Y
b12294	b12294.raw	81131	B08	B	b12294	LRIG1	LRIG1	Y
b12295	b12295.raw	81131	B07	B	b12295	TUBGCP5	TUBGCP5	Y
b12297	b12297.raw	81131	B05	B	b12297	MAGEE1	MAGEE1	Y
b12298	b12298.raw	81131	B04	B	b12298	PLEKHG5	PLEKHG5	Y
b12299	b12299.raw	81131	B03	B	b12299	OCRL	OCRL	Y
b12300	b12300.raw	81131	B02	B	b12300	COPG	COPG	Y
b12301	b12301.raw	81131	G02	A	b12301	ECT2	ECT2	Y
b12302	b12302.raw	81131	G03	A	b12302	NSMAF	NSMAF	Y
b12303	b12303.raw	81131	G04	A	b12303	GAA	GAA	Y
b12304	b12304.raw	81131	G05	A	b12304	SUGP2	SUGP2	Y
b12306	b12306.raw	81131	G09	A	b12306	PCDH12	PCDH12	Y
b12310	b12310.raw	81131	H01	A	b12310	IL12RB2	IL12RB2	Y
b12311	b12311.raw	81131	H02	A	b12311	PCDHAC2	PCDHAC2	Y
b12312	b12312.raw	81131	H04	A	b12312	VWCE	VWCE	Y
b12313	b12313.raw	81131	H05	A	b12313	ANKRD18A	ANKRD18A	Y
b12315	b12315.raw	81131	H07	A	b12315	CRAMP1L	CRAMP1L	Y
b12316	b12316.raw	81131	H08	A	b12316	FAM120A	FAM120A	Y
b12318	b12318.raw	81131	H10	A	b12318	MYO6	MYO6	Y
b12319	b12319.raw	81131	H11	A	b12319	A2M	A2M	Y
b12325	b12325.raw	81131	D10	B	b12325	COBL	COBL	Y
b12326	b12326.raw	81131	D09	B	b12326	LARS	LARS	Y
b12327	b12327.raw	81131	D08	B	b12327	NOL8	NOL8	Y
b12329	b12329.raw	81131	D07	B	b12329	KRBA1	KRBA1	Y
b12330	b12330.raw	81131	D06	B	b12330	SEMA6D	SEMA6D	Y
b12331	b12331.raw	81131	D05	B	b12331	SYCP1	SYCP1	Y
b12332	b12332.raw	81131	D04	B	b12332	ERAP1	ERAP1	Y
b12333	b12333.raw	81131	D03	B	b12333	ANO6	ANO6	Y
b12334	b12334.raw	81131	D01	B	b12334	GANAB	GANAB	Y
b12337	b12337.raw	81131	F07	C	b12337	DCLRE1A	DCLRE1A	Y
b12420	b12420.raw	81131	H11	C	b12420	A2M	A2M	Y
b12421	b12421.raw	81131	H10	C	b12421	MYO6	MYO6	Y
b12423	b12423.raw	81131	H08	C	b12423	FAM120A	FAM120A	Y
b12424	b12424.raw	81131	H07	C	b12424	CRAMP1L	CRAMP1L	Y
b12426	b12426.raw	81131	H05	C	b12426	ANKRD18A	ANKRD18A	Y
b12427	b12427.raw	81131	H04	C	b12427	VWCE	VWCE	Y
b12428	b12428.raw	81131	H02	C	b12428	PCDHAC2	PCDHAC2	Y
b12429	b12429.raw	81131	H01	C	b12429	IL12RB2	IL12RB2	Y
b12600	b12600.raw	81131	B11	D	b12600	MAPK8IP3	MAPK8IP3	Y
b12601	b12601.raw	81131	D08	D	b12601	NOL8	NOL8	Y
b12602	b12602.raw	81131	D09	D	b12602	LARS	LARS	Y
b12603	b12603.raw	81131	D10	D	b12603	COBL	COBL	Y
b12605	b12605.raw	81131	E06	D	b12605	PPFIBP1	PPFIBP1	Y
b12608	b12608.raw	81131	G05	D	b12608	SUGP2	SUGP2	Y
b13288	b13288.raw	81002	G10	B	b13288	RPS21	RPS21	Y
b13289	b13289.raw	81002	G08	B	b13289	C5orf62	C5orf62	Y
b13292	b13292.raw	81002	G04	B	b13292	ATP5I	ATP5I	Y
b13295	b13295.raw	81002	F12	B	b13295	OAZ1	OAZ1	Y
b13297	b13297.raw	81002	F09	B	b13297	COX7C	COX7C	Y
b13300	b13300.raw	81002	F05	B	b13300	USMG5	USMG5	Y
b13301	b13301.raw	81002	F03	B	b13301	MT2A	MT2A	Y
b13305	b13305.raw	81002	H10	B	b13305	GNG5	GNG5	Y
b13306	b13306.raw	81002	H09	B	b13306	COX17	COX17	Y
b13307	b13307.raw	81002	H08	B	b13307	SBDSP1	SBDSP1	Y
b13349	b13349.raw	81002	E09	B	b13349	NBR2	NBR2	Y
b13352	b13352.raw	81002	E04	B	b13352	RPS28	RPS28	Y
b13353	b13353.raw	81002	E03	B	b13353	POLR2L	POLR2L	Y
b13358	b13358.raw	81002	A03	C	b13358	ATOX1	ATOX1	Y
b13359	b13359.raw	81002	A11	C	b13359	MTCP1NB	MTCP1NB	Y
b13360	b13360.raw	81002	B02	C	b13360	DEFB106A	DEFB106A	Y
b13361	b13361.raw	81002	B05	C	b13361	MRPL33	MRPL33	Y
b13364	b13364.raw	81002	C01	C	b13364	C16orf74	C16orf74	Y
b13365	b13365.raw	81002	D11	C	b13365	LENEP	LENEP	Y
b13367	b13367.raw	81002	F03	C	b13367	MT2A	MT2A	Y
b13409	b13409.raw	81002	F05	C	b13409	USMG5	USMG5	Y
b13412	b13412.raw	81002	F09	C	b13412	COX7C	COX7C	Y
b13414	b13414.raw	81002	G04	C	b13414	ATP5I	ATP5I	Y
b13416	b13416.raw	81002	G10	C	b13416	RPS21	RPS21	Y
b13421	b13421.raw	81002	H09	C	b13421	COX17	COX17	Y
b13423	b13423.raw	81002	D02	C	b13423	LST1	LST1	Y
b13425	b13425.raw	81002	A07	C	b13425	SEP15	SEP15	Y
b13883	b13883.raw	81130	B03	A	b13883	LRFN2	LRFN2	Y
b13884	b13884.raw	81130	B04	A	b13884	DIS3	DIS3	Y
b13885	b13885.raw	81130	B06	A	b13885	PCDHGB2	PCDHGB2	Y
b13886	b13886.raw	81130	B07	A	b13886	PCDHB1	PCDHB1	Y
b13888	b13888.raw	81130	B09	A	b13888	MOGS	MOGS	Y
b13889	b13889.raw	81130	B10	A	b13889	GABBR1	GABBR1	Y
b13890	b13890.raw	81130	B11	A	b13890	RABEP1	RABEP1	Y
b13891	b13891.raw	81130	E01	A	b13891	RASEF	RASEF	Y
b13892	b13892.raw	81130	E02	A	b13892	EPC2	EPC2	Y
b13894	b13894.raw	81130	E07	A	b13894	GTF3C4	GTF3C4	Y
b13895	b13895.raw	81130	E11	A	b13895	PCDHGC5	PCDHGC5	Y
b13896	b13896.raw	81130	F02	A	b13896	PNPT1	PNPT1	Y
b13897	b13897.raw	81130	F04	A	b13897	GSG2	GSG2	Y
b13898	b13898.raw	81130	F09	A	b13898	ARHGAP12	ARHGAP12	Y
b13899	b13899.raw	81130	F11	A	b13899	PHF14	PHF14	Y
b14377	b14377.raw	81033PEI	E03	A	b14377	EMP3	EMP3	Y
b14378	b14378.raw	81033PEI	E04	A	b14378	UPP1	UPP1	Y
b14381	b14381.raw	81033PEI	E07	A	b14381	LAGE3	LAGE3	Y
b14382	b14382.raw	81033PEI	E08	A	b14382	C4orf39	C4orf39	Y
b14386	b14386.raw	81033PEI	E10	A	b14386	MS4A6E	MS4A6E	Y
b14391	b14391.raw	81033PEI	F04	A	b14391	NDUFAF4	NDUFAF4	Y
b14394	b14394.raw	81033PEI	F08	A	b14394	TWIST2	TWIST2	Y
b14396	b14396.raw	81033PEI	F10	A	b14396	LAIR2	LAIR2	Y
b14412	b14412.raw	81033PEI	D12	B	b14412	TNFSF18	TNFSF18	Y
b14413	b14413.raw	81033PEI	D11	B	b14413	LEP	LEP	Y
b14415	b14415.raw	81033PEI	D09	B	b14415	PTP4A1	PTP4A1	Y
b14416	b14416.raw	81033PEI	D08	B	b14416	ZNHIT1	ZNHIT1	Y
b14417	b14417.raw	81033PEI	D06	B	b14417	C9orf85	C9orf85	Y
b14422	b14422.raw	81033PEI	C11	B	b14422	OMP	OMP	Y
b14424	b14424.raw	81033PEI	C09	B	b14424	C6orf136	C6orf136	Y
b14425	b14425.raw	81033PEI	C08	B	b14425	MRPL23	MRPL23	Y
b14426	b14426.raw	81033PEI	C07	B	b14426	UBL4B	UBL4B	Y
b14427	b14427.raw	81033PEI	C06	B	b14427	SIN3A	SIN3A	Y
b14428	b14428.raw	81033PEI	C05	B	b14428	MORN4	MORN4	Y
b14429	b14429.raw	81033PEI	C04	B	b14429	CGGBP1	CGGBP1	Y
b14430	b14430.raw	81033PEI	C03	B	b14430	SPRYD7	SPRYD7	Y
b14432	b14432.raw	81033PEI	C01	B	b14432	OTUD3	OTUD3	Y
b14435	b14435.raw	81033PEI	B12	B	b14435	IL20	IL20	Y
b14437	b14437.raw	81033PEI	B10	B	b14437	CST5	CST5	Y
b14438	b14438.raw	81033PEI	B09	B	b14438	FGFR1OP2	FGFR1OP2	Y
b14439	b14439.raw	81033PEI	B08	B	b14439	MTRF1	MTRF1	Y
b14440	b14440.raw	81033PEI	B07	B	b14440	HBXIP	HBXIP	Y
b14441	b14441.raw	81033PEI	B05	B	b14441	NINJ2	NINJ2	Y
b14444	b14444.raw	81033PEI	B02	B	b14444	C2orf73	C2orf73	Y
b14445	b14445.raw	81033PEI	B01	B	b14445	IRGM	IRGM	Y
b14446	b14446.raw	81033PEI	A12	B	b14446	MYH7B	MYH7B	Y
b14447	b14447.raw	81033PEI	A11	B	b14447	LMO1	LMO1	Y
b14448	b14448.raw	81033PEI	A10	B	b14448	CST8	CST8	Y
b14450	b14450.raw	81033PEI	A08	B	b14450	STAG3L4	STAG3L4	Y
b14451	b14451.raw	81033PEI	A07	B	b14451	CDKN3	CDKN3	Y
b14453	b14453.raw	81033PEI	A05	B	b14453	SPCS3	SPCS3	Y
b14454	b14454.raw	81033PEI	A04	B	b14454	IQCF2	IQCF2	Y
b14455	b14455.raw	81033PEI	A03	B	b14455	SSBP1	SSBP1	Y
b14456	b14456.raw	81033PEI	A02	B	b14456	FAM9C	FAM9C	Y
b14457	b14457.raw	81033PEI	A01	B	b14457	C1orf146	C1orf146	Y
b14461	b14461.raw	81033PEI	G11	B	b14461	CRYAA	CRYAA	Y
b14462	b14462.raw	81033PEI	G09	B	b14462	RGS5	RGS5	Y
b14463	b14463.raw	81033PEI	G08	B	b14463	C9orf23	C9orf23	Y
b14467	b14467.raw	81033PEI	G04	B	b14467	IL7	IL7	Y
b14468	b14468.raw	81033PEI	G03	B	b14468	HINT2	HINT2	Y
b14472	b14472.raw	81033PEI	H02	A	b14472	AVPI1	AVPI1	Y
b14473	b14473.raw	81033PEI	H03	A	b14473	NUDT10	NUDT10	Y
b14475	b14475.raw	81033PEI	H05	A	b14475	SRSF2	SRSF2	Y
b14476	b14476.raw	81033PEI	H06	A	b14476	TTC9C	TTC9C	Y
b14477	b14477.raw	81033PEI	H07	A	b14477	MGST2	MGST2	Y
b14478	b14478.raw	81033PEI	H08	A	b14478	RNASEH2C	RNASEH2C	Y
b14479	b14479.raw	81033PEI	H09	A	b14479	CALCA	CALCA	Y
b14480	b14480.raw	81033PEI	H10	A	b14480	GIP	GIP	Y
b14481	b14481.raw	81033PEI	H11	A	b14481	DLX6	DLX6	Y
b14518	b14518.raw	81033PEI	H11	B	b14518	DLX6	DLX6	Y
b14519	b14519.raw	81033PEI	H10	B	b14519	GIP	GIP	Y
b14521	b14521.raw	81033PEI	H08	B	b14521	RNASEH2C	RNASEH2C	Y
b14522	b14522.raw	81033PEI	H07	B	b14522	MGST2	MGST2	Y
b14523	b14523.raw	81033PEI	H06	B	b14523	TTC9C	TTC9C	Y
b14524	b14524.raw	81033PEI	H05	B	b14524	SRSF2	SRSF2	Y
b14526	b14526.raw	81033PEI	H03	B	b14526	NUDT10	NUDT10	Y
b15935	b15935.raw	81002	A07	D	b15935	SEP15	SEP15	Y
b15939	b15939.raw	81002	C01	D	b15939	C16orf74	C16orf74	Y
b18290	b18290.raw	OC2116	A02	A	b18290	SREBF2	SREBF2	Y
b18291	b18291.raw	OC2116	A03	A	b18291	PICK1	PICK1	Y
b18293	b18293.raw	OC2116	A06	A	b18293	SHOX	SHOX	Y
b18294	b18294.raw	OC2116	A07	A	b18294	STRA8	STRA8	Y
b18295	b18295.raw	OC2116	A10	A	b18295	CARD16	CARD16	Y
b18299	b18299.raw	OC2116	B01	A	b18299	SLC5A1	SLC5A1	Y
b18302	b18302.raw	OC2116	B04	A	b18302	DEFB109	DEFB109	Y
b18303	b18303.raw	OC2116	B07	A	b18303	SPANXN2	SPANXN2	Y
b18304	b18304.raw	OC2116	B09	A	b18304	DEFB112	DEFB112	Y
b18305	b18305.raw	OC2116	B10	A	b18305	PREX2	PREX2	Y
b18306	b18306.raw	OC2116	B12	A	b18306	CAPN12	CAPN12	Y
b18309	b18309.raw	OC2116	C01	A	b18309	UBE2L3	UBE2L3	Y
b18310	b18310.raw	OC2116	C02	A	b18310	SNRPD3	SNRPD3	Y
b18311	b18311.raw	OC2116	C03	A	b18311	SEZ6L	SEZ6L	Y
b18312	b18312.raw	OC2116	C04	A	b18312	FAM150B	FAM150B	Y
b18313	b18313.raw	OC2116	C05	A	b18313	ESCO2	ESCO2	Y
b18314	b18314.raw	OC2116	C06	A	b18314	IGFBPL1	IGFBPL1	Y
b18315	b18315.raw	OC2116	C07	A	b18315	HSF4	HSF4	Y
b18317	b18317.raw	OC2116	C09	A	b18317	CLCA1	CLCA1	Y
b18319	b18319.raw	OC2116	C12	A	b18319	FOLR3	FOLR3	Y
b18369	b18369.raw	OC2116	D01	A	b18369	PLA2G6	PLA2G6	Y
b18370	b18370.raw	OC2116	D02	A	b18370	AP1B1	AP1B1	Y
b18371	b18371.raw	OC2116	D03	A	b18371	TST	TST	Y
b18372	b18372.raw	OC2116	D04	A	b18372	ENPP3	ENPP3	Y
b18373	b18373.raw	OC2116	D05	A	b18373	SPRR2D	SPRR2D	Y
b18374	b18374.raw	OC2116	D06	A	b18374	AWAT2	AWAT2	Y
b18375	b18375.raw	OC2116	D07	A	b18375	GPR151	GPR151	Y
b18377	b18377.raw	OC2116	D11	A	b18377	HOXA7	HOXA7	Y
b18378	b18378.raw	OC2116	D12	A	b18378	XKRY2	XKRY2	Y
b18381	b18381.raw	OC2116	E02	A	b18381	YWHAH	YWHAH	Y
b18383	b18383.raw	OC2116	E04	A	b18383	CDCP2	CDCP2	Y
b18384	b18384.raw	OC2116	E05	A	b18384	SLC5A4	SLC5A4	Y
b18386	b18386.raw	OC2116	E07	A	b18386	GUCA2A	GUCA2A	Y
b18387	b18387.raw	OC2116	E08	A	b18387	PROL1	PROL1	Y
b18389	b18389.raw	OC2116	E10	A	b18389	GJA10	GJA10	Y
b18390	b18390.raw	OC2116	E12	A	b18390	TAS1R2	TAS1R2	Y
b18394	b18394.raw	OC2116	F02	A	b18394	RFPL1	RFPL1	Y
b18396	b18396.raw	OC2116	F07	A	b18396	CNGA1	CNGA1	Y
b18397	b18397.raw	OC2116	F08	A	b18397	LIFR	LIFR	Y
b18404	b18404.raw	OC2116	G03	A	b18404	CUX2	CUX2	Y
b18405	b18405.raw	OC2116	G05	A	b18405	MYEOV2	MYEOV2	Y
b18406	b18406.raw	OC2116	G06	A	b18406	SSX7	SSX7	Y
b18407	b18407.raw	OC2116	G07	A	b18407	SPINK14	SPINK14	Y
b18409	b18409.raw	OC2116	G11	A	b18409	NLRP5	NLRP5	Y
b18414	b18414.raw	OC2116	H03	A	b18414	OR4N2	OR4N2	Y
b18415	b18415.raw	OC2116	H04	A	b18415	VPS9D1	VPS9D1	Y
b18416	b18416.raw	OC2116	H06	A	b18416	UGT1A5	UGT1A5	Y
b18418	b18418.raw	OC2116	H08	A	b18418	OR4E2	OR4E2	Y
b18419	b18419.raw	OC2116	H09	A	b18419	B3GNT7	B3GNT7	Y
b18420	b18420.raw	OC2116	H10	A	b18420	GALP	GALP	Y
b18564	b18564.raw	OC2119	A02	A	b18564	FAM178A	FAM178A	Y
b18565	b18565.raw	OC2119	A03	A	b18565	LPIN2	LPIN2	Y
b18566	b18566.raw	OC2119	A04	A	b18566	ZFP1	ZFP1	Y
b18567	b18567.raw	OC2119	A05	A	b18567	HOXA4	HOXA4	Y
b18568	b18568.raw	OC2119	A06	A	b18568	GLCE	GLCE	Y
b18576	b18576.raw	OC2119	A09	C	b18576	CRISP1	CRISP1	Y
b18577	b18577.raw	OC2119	A10	C	b18577	SPAG11B	SPAG11B	Y
b18578	b18578.raw	OC2119	A11	A	b18578	DCDC1	DCDC1	Y
b18595	b18595.raw	OC2119	B05	A	b18595	TEX13B	TEX13B	Y
b18596	b18596.raw	OC2119	B06	A	b18596	TTC39A	TTC39A	Y
b18597	b18597.raw	OC2119	B07	A	b18597	CRLF2	CRLF2	Y
b18598	b18598.raw	OC2119	B08	A	b18598	MATN1	MATN1	Y
b18600	b18600.raw	OC2119	B11	A	b18600	FBXW9	FBXW9	Y
b18601	b18601.raw	OC2119	B12	A	b18601	BMP6	BMP6	Y
b18640	b18640.raw	OC2119	C01	A	b18640	SLC45A4	SLC45A4	Y
b18641	b18641.raw	OC2119	C02	A	b18641	LEPR	LEPR	Y
b18642	b18642.raw	OC2119	C03	A	b18642	EIF2C4	EIF2C4	Y
b18643	b18643.raw	OC2119	C05	A	b18643	C1QL3	C1QL3	Y
b18644	b18644.raw	OC2119	C07	A	b18644	ZFP42	ZFP42	Y
b18645	b18645.raw	OC2119	C08	A	b18645	KLRC3	KLRC3	Y
b18647	b18647.raw	OC2119	C10	A	b18647	ANKS4B	ANKS4B	Y
b18649	b18649.raw	OC2119	C12	A	b18649	LHB	LHB	Y
b18652	b18652.raw	OC2119	D01	A	b18652	EXOC6B	EXOC6B	Y
b18653	b18653.raw	OC2119	D02	A	b18653	KIAA0226	KIAA0226	Y
b18654	b18654.raw	OC2119	D03	A	b18654	RUNX2	RUNX2	Y
b18655	b18655.raw	OC2119	D05	A	b18655	TCF15	TCF15	Y
b18656	b18656.raw	OC2119	D06	A	b18656	ZNF492	ZNF492	Y
b18657	b18657.raw	OC2119	D07	A	b18657	AS3MT	AS3MT	Y
b18658	b18658.raw	OC2119	D08	A	b18658	HPR	HPR	Y
b18659	b18659.raw	OC2119	D09	A	b18659	LBX2	LBX2	Y
b18660	b18660.raw	OC2119	D10	A	b18660	TAS2R39	TAS2R39	Y
b18662	b18662.raw	OC2119	D12	A	b18662	C16orf55	C16orf55	Y
b18665	b18665.raw	OC2119	F01	A	b18665	GBX1	GBX1	Y
b18666	b18666.raw	OC2119	F02	A	b18666	PRKD1	PRKD1	Y
b18671	b18671.raw	OC2119	F03	A	b18671	PKMYT1	PKMYT1	Y
b18672	b18672.raw	OC2119	F04	A	b18672	TAL1	TAL1	Y
b18673	b18673.raw	OC2119	F05	A	b18673	CCNO	CCNO	Y
b18674	b18674.raw	OC2119	F06	A	b18674	TSHZ2	TSHZ2	Y
b18675	b18675.raw	OC2119	F08	A	b18675	NPVF	NPVF	Y
b18676	b18676.raw	OC2119	F09	A	b18676	NAA11	NAA11	Y
b18677	b18677.raw	OC2119	F10	A	b18677	UBXN7	UBXN7	Y
b18678	b18678.raw	OC2119	F11	A	b18678	FMNL3	FMNL3	Y
b18696	b18696.raw	OC2119	H11	A	b18696	ERCC4	ERCC4	Y
B20854	B20854.raw	REPEAT15	A02	A	B20854	KRT34	KRT34	Y
B20855	B20855.raw	REPEAT15	A03	A	B20855	TSPAN10	TSPAN10	Y
B20857	B20857.raw	REPEAT15	A06	A	B20857	RPEL1	RPEL1	Y
B20859	B20859.raw	REPEAT15	A09	A	B20859	CCT8L2	CCT8L2	Y
B20860	B20860.raw	REPEAT15	A10	A	B20860	BANF2	BANF2	Y
B20861	B20861.raw	REPEAT15	A11	A	B20861	GPR160	GPR160	Y
B20862	B20862.raw	REPEAT15	B02	A	B20862	KCNIP1	KCNIP1	Y
B20865	B20865.raw	REPEAT15	B05	A	B20865	PRKY	PRKY	Y
B20866	B20866.raw	REPEAT15	B06	A	B20866	STARD5	STARD5	Y
B20869	B20869.raw	REPEAT15	B09	A	B20869	LHFPL1	LHFPL1	Y
B20870	B20870.raw	REPEAT15	B10	A	B20870	OR52B2	OR52B2	Y
B20871	B20871.raw	REPEAT15	B11	A	B20871	PRR4	PRR4	Y
B20872	B20872.raw	REPEAT15	B12	A	B20872	FAM81A	FAM81A	Y
B20875	B20875.raw	REPEAT15	C04	A	B20875	OR14J1	OR14J1	Y
B20876	B20876.raw	REPEAT15	C05	A	B20876	LMOD3	LMOD3	Y
B20877	B20877.raw	REPEAT15	C06	A	B20877	OR6T1	OR6T1	Y
B20879	B20879.raw	REPEAT15	C09	A	B20879	CHRNA7	CHRNA7	Y
B20881	B20881.raw	REPEAT15	C12	A	B20881	LIN52	LIN52	Y
B20882	B20882.raw	REPEAT15	D02	A	B20882	CTXN1	CTXN1	Y
B20883	B20883.raw	REPEAT15	D03	A	B20883	LGI1	LGI1	Y
B20885	B20885.raw	REPEAT15	D05	A	B20885	OR2T33	OR2T33	Y
B20888	B20888.raw	REPEAT15	D08	A	B20888	PIP5K1B	PIP5K1B	Y
B20889	B20889.raw	REPEAT15	D09	A	B20889	OR14I1	OR14I1	Y
B20890	B20890.raw	REPEAT15	D10	A	B20890	GMCL1L	GMCL1L	Y
B20892	B20892.raw	REPEAT15	D12	A	B20892	FAM27E3	FAM27E3	Y
B20893	B20893.raw	REPEAT15	E02	A	B20893	MAFB	MAFB	Y
B20894	B20894.raw	REPEAT15	E03	A	B20894	TCEA1	TCEA1	Y
B20896	B20896.raw	REPEAT15	E05	A	B20896	C11orf10	C11orf10	Y
B20897	B20897.raw	REPEAT15	E07	A	B20897	C6orf94	C6orf94	Y
B20898	B20898.raw	REPEAT15	E08	A	B20898	ATP5L2	ATP5L2	Y
B20903	B20903.raw	REPEAT15	F02	A	B20903	CACNG1	CACNG1	Y
B20904	B20904.raw	REPEAT15	F03	A	B20904	OR1M1	OR1M1	Y
B20905	B20905.raw	REPEAT15	F04	A	B20905	DPF1	DPF1	Y
B20906	B20906.raw	REPEAT15	F05	A	B20906	OR2M7	OR2M7	Y
B20907	B20907.raw	REPEAT15	F06	A	B20907	PTX3	PTX3	Y
B20908	B20908.raw	REPEAT15	F08	A	B20908	PPCS	PPCS	Y
B20909	B20909.raw	REPEAT15	F09	A	B20909	UFSP1	UFSP1	Y
B20911	B20911.raw	REPEAT15	F11	A	B20911	KLRC2	KLRC2	Y
B20913	B20913.raw	REPEAT15	G03	A	B20913	ADPRHL2	ADPRHL2	Y
B20915	B20915.raw	REPEAT15	G05	A	B20915	DUXAP10	DUXAP10	Y
B20916	B20916.raw	REPEAT15	G07	A	B20916	NEUROD4	NEUROD4	Y
B20917	B20917.raw	REPEAT15	G08	A	B20917	OR4N4	OR4N4	Y
B20918	B20918.raw	REPEAT15	G09	A	B20918	OR8A1	OR8A1	Y
B20920	B20920.raw	REPEAT15	G11	A	B20920	CHRM5	CHRM5	Y
B20922	B20922.raw	REPEAT15	H02	A	B20922	LRRC37A2	LRRC37A2	Y
B20924	B20924.raw	REPEAT15	H04	A	B20924	KLRK1	KLRK1	Y
B20925	B20925.raw	REPEAT15	H05	A	B20925	OR11H12	OR11H12	Y
B20926	B20926.raw	REPEAT15	H06	A	B20926	CAB39	CAB39	Y
B20930	B20930.raw	REPEAT15	H10	A	B20930	OR51B5	OR51B5	Y
B20931	B20931.raw	REPEAT15	H11	A	B20931	RXRB	RXRB	Y
b3139	b3139.raw	71PEI2	A09	B	b3139	LMX1B	LMX1B	Y
b3140	b3140.raw	71PEI2	A08	B	b3140	ZDHHC9	ZDHHC9	Y
b3141	b3141.raw	71PEI2	A07	B	b3141	USP46	USP46	Y
b3142	b3142.raw	71PEI2	A06	B	b3142	INHA	INHA	Y
b3143	b3143.raw	71PEI2	A05	B	b3143	RIC3	RIC3	Y
b3144	b3144.raw	71PEI2	A04	B	b3144	MAB21L3	MAB21L3	Y
b3147	b3147.raw	71PEI2	A01	B	b3147	PSRC1	PSRC1	Y
b3154	b3154.raw	71PEI2	C08	B	b3154	POPDC2	POPDC2	Y
b3157	b3157.raw	71PEI2	C05	B	b3157	TSSK1B	TSSK1B	Y
b3158	b3158.raw	71PEI2	C04	B	b3158	CXCR7	CXCR7	Y
b3165	b3165.raw	71PEI2	E11	B	b3165	RAE1	RAE1	Y
b3168	b3168.raw	71PEI2	E05	B	b3168	NXF5	NXF5	Y
b3169	b3169.raw	71PEI2	E03	B	b3169	CDCA7	CDCA7	Y
b3170	b3170.raw	71PEI2	E01	B	b3170	FKSG43	FKSG43	Y
b3194	b3194.raw	71PEI2	B04	B	b3194	NHLRC2	NHLRC2	Y
b3197	b3197.raw	71PEI2	G11	B	b3197	EBNA1BP2	EBNA1BP2	Y
b3200	b3200.raw	71PEI2	G05	B	b3200	C20orf96	C20orf96	Y
b3201	b3201.raw	71PEI2	G03	B	b3201	HTR1E	HTR1E	Y
b3207	b3207.raw	71PEI2	G03	A	b3207	HTR1E	HTR1E	Y
b3208	b3208.raw	71PEI2	G05	A	b3208	C20orf96	C20orf96	Y
b3212	b3212.raw	71PEI2	G11	A	b3212	EBNA1BP2	EBNA1BP2	Y
b3532	b3532.raw	81059PEI	A11	B	b3532	C7orf46	C7orf46	Y
b3535	b3535.raw	81059PEI	A07	B	b3535	NIT2	NIT2	Y
b3536	b3536.raw	81059PEI	A06	B	b3536	SNAI3	SNAI3	Y
b3539	b3539.raw	81059PEI	A03	B	b3539	CNOT7	CNOT7	Y
b3541	b3541.raw	81059PEI	A01	B	b3541	STX5	STX5	Y
b3563	b3563.raw	81059PEI	F12	B	b3563	VDAC2	VDAC2	Y
b3564	b3564.raw	81059PEI	F11	B	b3564	TRAPPC10	TRAPPC10	Y
b3566	b3566.raw	81059PEI	F09	B	b3566	RPRD1A	RPRD1A	Y
b3568	b3568.raw	81059PEI	F07	B	b3568	TNFSF13B	TNFSF13B	Y
b3569	b3569.raw	81059PEI	F06	B	b3569	PTCRA	PTCRA	Y
b3570	b3570.raw	81059PEI	F05	B	b3570	SPATS1	SPATS1	Y
b3572	b3572.raw	81059PEI	F03	B	b3572	CSGALNACT1	CSGALNACT1	Y
b3573	b3573.raw	81059PEI	F02	B	b3573	CEBPE	CEBPE	Y
b3579	b3579.raw	81059PEI	E11	B	b3579	CTSZ	CTSZ	Y
b3580	b3580.raw	81059PEI	E10	B	b3580	STARD10	STARD10	Y
b3581	b3581.raw	81059PEI	E09	B	b3581	C15orf29	C15orf29	Y
b3582	b3582.raw	81059PEI	E08	B	b3582	FBXO6	FBXO6	Y
b3585	b3585.raw	81059PEI	E04	B	b3585	CAPZA2	CAPZA2	Y
b3586	b3586.raw	81059PEI	E03	B	b3586	AMMECR1	AMMECR1	Y
b3587	b3587.raw	81059PEI	E02	B	b3587	CCDC121	CCDC121	Y
b3591	b3591.raw	81059PEI	G11	B	b3591	SYNE2	SYNE2	Y
b3592	b3592.raw	81059PEI	G10	B	b3592	EFCAB4A	EFCAB4A	Y
b3594	b3594.raw	81059PEI	G08	B	b3594	CCNE2	CCNE2	Y
b3595	b3595.raw	81059PEI	G07	B	b3595	IYD	IYD	Y
b3596	b3596.raw	81059PEI	G06	B	b3596	RAB40AL	RAB40AL	Y
b3599	b3599.raw	81059PEI	G03	B	b3599	FAM175A	FAM175A	Y
b3604	b3604.raw	81059PEI	B12	B	b3604	ITGA4	ITGA4	Y
b3605	b3605.raw	81059PEI	B11	B	b3605	RASSF6	RASSF6	Y
b3606	b3606.raw	81059PEI	B10	B	b3606	WDR92	WDR92	Y
b3607	b3607.raw	81059PEI	B09	B	b3607	CCDC146	CCDC146	Y
b3608	b3608.raw	81059PEI	B08	B	b3608	POPDC3	POPDC3	Y
b3609	b3609.raw	81059PEI	B07	B	b3609	ZNF277	ZNF277	Y
b3613	b3613.raw	81059PEI	B03	B	b3613	SETD3	SETD3	Y
b3614	b3614.raw	81059PEI	B02	B	b3614	NOSIP	NOSIP	Y
b3615	b3615.raw	81059PEI	B01	B	b3615	CNN1	CNN1	Y
b3624	b3624.raw	81059PEI	H11	B	b3624	EXOSC8	EXOSC8	Y
b3625	b3625.raw	81059PEI	H10	B	b3625	EDA2R	EDA2R	Y
b3626	b3626.raw	81059PEI	H09	B	b3626	XRCC2	XRCC2	Y
b3628	b3628.raw	81059PEI	H07	B	b3628	SGCD	SGCD	Y
b3629	b3629.raw	81059PEI	H06	B	b3629	COLEC10	COLEC10	Y
b3630	b3630.raw	81059PEI	H04	B	b3630	F3	F3	Y
b3631	b3631.raw	81059PEI	H03	B	b3631	KIAA0247	KIAA0247	Y
b3632	b3632.raw	81059PEI	H02	B	b3632	PPAP2A	PPAP2A	Y
b3637	b3637.raw	81059PEI	D12	B	b3637	TBC1D3F	TBC1D3F	Y
b3638	b3638.raw	81059PEI	D10	B	b3638	FBXO25	FBXO25	Y
b3639	b3639.raw	81059PEI	D09	B	b3639	CXorf21	CXorf21	Y
b3640	b3640.raw	81059PEI	D08	B	b3640	GTDC1	GTDC1	Y
b3643	b3643.raw	81059PEI	D02	B	b3643	ODF3L1	ODF3L1	Y
b3653	b3653.raw	81059PEI	D11	B	b3653	C3orf32	C3orf32	Y
b3654	b3654.raw	81059PEI	D05	B	b3654	GLYATL1	GLYATL1	Y
b3656	b3656.raw	81059PEI	C09	B	b3656	HSD17B11	HSD17B11	Y
b3657	b3657.raw	81059PEI	C07	B	b3657	MRPL46	MRPL46	Y
b3658	b3658.raw	81059PEI	C01	B	b3658	ZC3H8	ZC3H8	Y
b3669	b3669.raw	81059PEI	C11	B	b3669	DHRS2	DHRS2	Y
b3670	b3670.raw	81059PEI	C10	B	b3670	C19orf46	C19orf46	Y
b3671	b3671.raw	81059PEI	C08	B	b3671	HNMT	HNMT	Y
b3673	b3673.raw	81059PEI	C05	B	b3673	GGPS1	GGPS1	Y
b3674	b3674.raw	81059PEI	C04	B	b3674	LDB3	LDB3	Y
b3676	b3676.raw	81059PEI	C02	B	b3676	GK5	GK5	Y
b3799	b3799.raw	81059PEI	D04	B	b3799	CLN8	CLN8	Y
b3800	b3800.raw	81059PEI	D03	B	b3800	ELOVL2	ELOVL2	Y
b3801	b3801.raw	81059PEI	D11	A	b3801	C3orf32	C3orf32	Y
b5698	b5698.raw	81067	B12	B	b5698	FBXL3	FBXL3	Y
b5701	b5701.raw	81067	B09	B	b5701	KIAA1949	KIAA1949	Y
b5702	b5702.raw	81067	B08	B	b5702	SLC39A4	SLC39A4	Y
b5703	b5703.raw	81067	B07	B	b5703	RBPJ	RBPJ	Y
b5707	b5707.raw	81067	B03	B	b5707	CXADR	CXADR	Y
b5708	b5708.raw	81067	B02	B	b5708	SDF4	SDF4	Y
b5709	b5709.raw	81067	B01	B	b5709	OBFC1	OBFC1	Y
b5714	b5714.raw	81067	H10	B	b5714	PVRL3	PVRL3	Y
b5716	b5716.raw	81067	H08	B	b5716	SERPINA6	SERPINA6	Y
b5717	b5717.raw	81067	H07	B	b5717	DNM3	DNM3	Y
b5718	b5718.raw	81067	H06	B	b5718	NUP50	NUP50	Y
b5719	b5719.raw	81067	H05	B	b5719	CD244	CD244	Y
b5720	b5720.raw	81067	H04	B	b5720	C9orf156	C9orf156	Y
b5721	b5721.raw	81067	H03	B	b5721	SMPD1	SMPD1	Y
b5722	b5722.raw	81067	H02	B	b5722	KIAA1456	KIAA1456	Y
b5723	b5723.raw	81067	H01	B	b5723	ZNF707	ZNF707	Y
b5728	b5728.raw	81067	A10	B	b5728	USP38	USP38	Y
b5729	b5729.raw	81067	A09	B	b5729	TRIM16	TRIM16	Y
b5730	b5730.raw	81067	A08	B	b5730	MCAM	MCAM	Y
b5731	b5731.raw	81067	A07	B	b5731	CDCA7L	CDCA7L	Y
b5732	b5732.raw	81067	A06	B	b5732	AHSG	AHSG	Y
b5734	b5734.raw	81067	A04	B	b5734	GABRE	GABRE	Y
b5735	b5735.raw	81067	A03	B	b5735	PSAT1	PSAT1	Y
b5736	b5736.raw	81067	A02	B	b5736	PARVA	PARVA	Y
b5737	b5737.raw	81067	A01	B	b5737	HMBS	HMBS	Y
b5746	b5746.raw	81067	C12	B	b5746	FAM188A	FAM188A	Y
b5747	b5747.raw	81067	C11	B	b5747	B3GNT3	B3GNT3	Y
b5748	b5748.raw	81067	C10	B	b5748	DCTN1	DCTN1	Y
b5749	b5749.raw	81067	C09	B	b5749	IGSF8	IGSF8	Y
b5751	b5751.raw	81067	C07	B	b5751	DLD	DLD	Y
b5752	b5752.raw	81067	C06	B	b5752	AUP1	AUP1	Y
b5753	b5753.raw	81067	C05	B	b5753	IDH3A	IDH3A	Y
b5754	b5754.raw	81067	C04	B	b5754	ARPC1A	ARPC1A	Y
b5756	b5756.raw	81067	C02	B	b5756	USP18	USP18	Y
b5763	b5763.raw	81067	F10	B	b5763	MMRN1	MMRN1	Y
b5764	b5764.raw	81067	F09	B	b5764	PPARD	PPARD	Y
b5765	b5765.raw	81067	F07	B	b5765	MYT1	MYT1	Y
b5766	b5766.raw	81067	F06	B	b5766	PABPC5	PABPC5	Y
b5767	b5767.raw	81067	F05	B	b5767	ANKRD16	ANKRD16	Y
b5769	b5769.raw	81067	F03	B	b5769	TTC23L	TTC23L	Y
b5770	b5770.raw	81067	F02	B	b5770	SDC3	SDC3	Y
b5771	b5771.raw	81067	F01	B	b5771	GRINL1A	GRINL1A	Y
b5776	b5776.raw	81067	G11	B	b5776	PRKAR2B	PRKAR2B	Y
b5777	b5777.raw	81067	G10	B	b5777	GPR52	GPR52	Y
b5778	b5778.raw	81067	G09	B	b5778	HLA-B	HLA-B	Y
b5779	b5779.raw	81067	G07	B	b5779	LMNA	LMNA	Y
b5780	b5780.raw	81067	G06	B	b5780	GMPR2	GMPR2	Y
b5781	b5781.raw	81067	G05	B	b5781	PNMA2	PNMA2	Y
b5783	b5783.raw	81067	G03	B	b5783	POGZ	POGZ	Y
b5784	b5784.raw	81067	G02	B	b5784	GLUL	GLUL	Y
b5785	b5785.raw	81067	G01	B	b5785	H2AFY2	H2AFY2	Y
b5789	b5789.raw	81067	D12	B	b5789	CLEC18A	CLEC18A	Y
b5791	b5791.raw	81067	D08	B	b5791	PHF15	PHF15	Y
b5792	b5792.raw	81067	D07	B	b5792	DNAJC11	DNAJC11	Y
b5793	b5793.raw	81067	D06	B	b5793	ARHGEF10	ARHGEF10	Y
b5794	b5794.raw	81067	D05	B	b5794	RSAD2	RSAD2	Y
b5795	b5795.raw	81067	D04	B	b5795	PARD6B	PARD6B	Y
b5796	b5796.raw	81067	D03	B	b5796	CREB3	CREB3	Y
b5797	b5797.raw	81067	D02	B	b5797	LIPT1	LIPT1	Y
b5798	b5798.raw	81067	D01	B	b5798	HLA-C	HLA-C	Y
b5803	b5803.raw	81067	E11	B	b5803	ADH1C	ADH1C	Y
b5804	b5804.raw	81067	E10	B	b5804	DZIP3	DZIP3	Y
b5805	b5805.raw	81067	E09	B	b5805	TEAD4	TEAD4	Y
b5806	b5806.raw	81067	E08	B	b5806	NT5E	NT5E	Y
b5807	b5807.raw	81067	E07	B	b5807	C8orf45	C8orf45	Y
b5808	b5808.raw	81067	E06	B	b5808	VASP	VASP	Y
b5809	b5809.raw	81067	E05	B	b5809	GPR183	GPR183	Y
b5810	b5810.raw	81067	E03	B	b5810	PEX3	PEX3	Y
b5811	b5811.raw	81067	E02	B	b5811	SLC35C1	SLC35C1	Y
b5812	b5812.raw	81067	E01	B	b5812	SSBP2	SSBP2	Y
b8578	b8578.raw	81096	A12	B	b8578	TBL1Y	TBL1Y	Y
b8579	b8579.raw	81096	A11	B	b8579	ZMYND11	ZMYND11	Y
b8580	b8580.raw	81096	A10	B	b8580	ZNF238	ZNF238	Y
b8581	b8581.raw	81096	A09	B	b8581	SNX1	SNX1	Y
b8582	b8582.raw	81096	A08	B	b8582	POLE2	POLE2	Y
b8583	b8583.raw	81096	A07	B	b8583	ZNF449	ZNF449	Y
b8584	b8584.raw	81096	A06	B	b8584	DYNC1LI1	DYNC1LI1	Y
b8585	b8585.raw	81096	A05	B	b8585	VANGL1	VANGL1	Y
b8586	b8586.raw	81096	A04	B	b8586	CYP4F12	CYP4F12	Y
b8587	b8587.raw	81096	A03	B	b8587	TNK2	TNK2	Y
b8588	b8588.raw	81096	A02	B	b8588	DYRK4	DYRK4	Y
b8589	b8589.raw	81096	A01	B	b8589	DPYS	DPYS	Y
b8593	b8593.raw	81096	B12	B	b8593	TIGD6	TIGD6	Y
b8594	b8594.raw	81096	B11	B	b8594	FBXW11	FBXW11	Y
b8595	b8595.raw	81096	B10	B	b8595	PLXNA4	PLXNA4	Y
b8597	b8597.raw	81096	B08	B	b8597	CAT	CAT	Y
b8598	b8598.raw	81096	B07	B	b8598	TMEM209	TMEM209	Y
b8599	b8599.raw	81096	B06	B	b8599	FAM98A	FAM98A	Y
b8600	b8600.raw	81096	B05	B	b8600	NAB2	NAB2	Y
b8601	b8601.raw	81096	B04	B	b8601	ATP5B	ATP5B	Y
b8603	b8603.raw	81096	B02	B	b8603	MARCO	MARCO	Y
b8604	b8604.raw	81096	B01	B	b8604	TCP11L2	TCP11L2	Y
b8608	b8608.raw	81096	E01	A	b8608	PDE4D	PDE4D	Y
b8609	b8609.raw	81096	E02	A	b8609	FLVCR2	FLVCR2	Y
b8610	b8610.raw	81096	E03	A	b8610	WHSC2	WHSC2	Y
b8611	b8611.raw	81096	E05	A	b8611	LAP3	LAP3	Y
b8612	b8612.raw	81096	E07	A	b8612	CDC16	CDC16	Y
b8613	b8613.raw	81096	E08	A	b8613	C17orf53	C17orf53	Y
b8614	b8614.raw	81096	E09	A	b8614	ASB3	ASB3	Y
b8615	b8615.raw	81096	E10	A	b8615	OMA1	OMA1	Y
b8616	b8616.raw	81096	E11	A	b8616	ALPI	ALPI	Y
b8617	b8617.raw	81096	E12	A	b8617	VNN2	VNN2	Y
b8621	b8621.raw	81096	F02	A	b8621	SYNCRIP	SYNCRIP	Y
b8623	b8623.raw	81096	F05	A	b8623	ACCN2	ACCN2	Y
b8624	b8624.raw	81096	F06	A	b8624	OCLN	OCLN	Y
b8625	b8625.raw	81096	F08	A	b8625	ATG9A	ATG9A	Y
b8626	b8626.raw	81096	F09	A	b8626	PDZK1	PDZK1	Y
b8627	b8627.raw	81096	F10	A	b8627	SLC1A1	SLC1A1	Y
b8628	b8628.raw	81096	F11	A	b8628	UGT2A3	UGT2A3	Y
b8629	b8629.raw	81096	F12	A	b8629	USP3	USP3	Y
b8633	b8633.raw	81096	C12	B	b8633	VANGL2	VANGL2	Y
b8634	b8634.raw	81096	C11	B	b8634	SIAE	SIAE	Y
b8635	b8635.raw	81096	C10	B	b8635	CDK17	CDK17	Y
b8636	b8636.raw	81096	C09	B	b8636	CORO2A	CORO2A	Y
b8637	b8637.raw	81096	C08	B	b8637	ZNF572	ZNF572	Y
b8647	b8647.raw	81096	D12	B	b8647	PNLDC1	PNLDC1	Y
b8649	b8649.raw	81096	D08	B	b8649	APEX2	APEX2	Y
b8650	b8650.raw	81096	D09	B	b8650	MFSD8	MFSD8	Y
b8651	b8651.raw	81096	D07	B	b8651	LRRTM1	LRRTM1	Y
b8652	b8652.raw	81096	D06	B	b8652	ZNF768	ZNF768	Y
b8653	b8653.raw	81096	D05	B	b8653	PFKFB3	PFKFB3	Y
b8654	b8654.raw	81096	D04	B	b8654	NHEDC2	NHEDC2	Y
b8655	b8655.raw	81096	D03	B	b8655	GPR114	GPR114	Y
b8656	b8656.raw	81096	D02	B	b8656	TBX22	TBX22	Y
b8657	b8657.raw	81096	D01	B	b8657	CAMKK1	CAMKK1	Y
b8659	b8659.raw	81096	G11	B	b8659	ALPL	ALPL	Y
b8661	b8661.raw	81096	G09	B	b8661	OXCT1	OXCT1	Y
b8662	b8662.raw	81096	G08	B	b8662	FBXO7	FBXO7	Y
b8663	b8663.raw	81096	G07	B	b8663	ZNF454	ZNF454	Y
b8667	b8667.raw	81096	G03	B	b8667	QRSL1	QRSL1	Y
b8669	b8669.raw	81096	G01	B	b8669	KBTBD4	KBTBD4	Y
b8672	b8672.raw	81096	H11	B	b8672	UGT3A2	UGT3A2	Y
b8673	b8673.raw	81096	H10	B	b8673	MAOA	MAOA	Y
b8675	b8675.raw	81096	H08	B	b8675	PRPF4	PRPF4	Y
b8679	b8679.raw	81096	H03	B	b8679	GPR161	GPR161	Y
b8680	b8680.raw	81096	H02	B	b8680	HEXA	HEXA	Y
b8681	b8681.raw	81096	H01	B	b8681	C16orf71	C16orf71	Y
b8687	b8687.raw	81096	C06	B	b8687	TULP2	TULP2	Y
b8688	b8688.raw	81096	C05	B	b8688	DEPDC1	DEPDC1	Y
b8690	b8690.raw	81096	C03	B	b8690	BAIAP2	BAIAP2	Y
b8691	b8691.raw	81096	C02	B	b8691	DCT	DCT	Y
b8692	b8692.raw	81096	C01	B	b8692	CREB3L1	CREB3L1	Y
b9103	b9103.raw	81045PEI	B01	A	b9103	YAF2	YAF2	Y
b9104	b9104.raw	81045PEI	B02	A	b9104	GJB7	GJB7	Y
b9105	b9105.raw	81045PEI	B03	A	b9105	RIT1	RIT1	Y
b9106	b9106.raw	81045PEI	B04	A	b9106	TMEM182	TMEM182	Y
b9107	b9107.raw	81045PEI	B06	A	b9107	IFNW1	IFNW1	Y
b9108	b9108.raw	81045PEI	B07	A	b9108	RAB41	RAB41	Y
b9109	b9109.raw	81045PEI	B08	A	b9109	DTD1	DTD1	Y
b9110	b9110.raw	81045PEI	B09	A	b9110	RAB5C	RAB5C	Y
b9112	b9112.raw	81045PEI	B11	A	b9112	IL22RA2	IL22RA2	Y
b9113	b9113.raw	81045PEI	B12	A	b9113	NEK2	NEK2	Y
b9117	b9117.raw	81045PEI	F02	A	b9117	SCN3B	SCN3B	Y
b9118	b9118.raw	81045PEI	F04	A	b9118	HTR3D	HTR3D	Y
b9119	b9119.raw	81045PEI	F05	A	b9119	C9orf139	C9orf139	Y
b9120	b9120.raw	81045PEI	F06	A	b9120	IL29	IL29	Y
b9121	b9121.raw	81045PEI	F07	A	b9121	BCL7A	BCL7A	Y
b9122	b9122.raw	81045PEI	F08	A	b9122	BAG2	BAG2	Y
b9123	b9123.raw	81045PEI	F09	A	b9123	ARHGEF38	ARHGEF38	Y
b9124	b9124.raw	81045PEI	F10	A	b9124	SULT1C4	SULT1C4	Y
b9125	b9125.raw	81045PEI	F11	A	b9125	CNTF	CNTF	Y
b9129	b9129.raw	81045PEI	D07	B	b9129	RABL2A	RABL2A	Y
b9130	b9130.raw	81045PEI	D05	B	b9130	IFNA1	IFNA1	Y
b9131	b9131.raw	81045PEI	D04	B	b9131	LHFPL4	LHFPL4	Y
b9132	b9132.raw	81045PEI	D03	B	b9132	C16orf54	C16orf54	Y
b9133	b9133.raw	81045PEI	D02	B	b9133	RECK	RECK	Y
b9134	b9134.raw	81045PEI	D01	B	b9134	C10orf107	C10orf107	Y
b9136	b9136.raw	81045PEI	A11	B	b9136	UBAC2	UBAC2	Y
b9137	b9137.raw	81045PEI	A10	B	b9137	PRR20A	PRR20A	Y
b9138	b9138.raw	81045PEI	A09	B	b9138	TM2D2	TM2D2	Y
b9139	b9139.raw	81045PEI	A07	B	b9139	LIM2	LIM2	Y
b9141	b9141.raw	81045PEI	A04	B	b9141	EXOG	EXOG	Y
b9143	b9143.raw	81045PEI	A02	B	b9143	RAB28	RAB28	Y
b9144	b9144.raw	81045PEI	A01	B	b9144	ZNF428	ZNF428	Y
b9149	b9149.raw	81045PEI	E11	B	b9149	OAZ3	OAZ3	Y
b9151	b9151.raw	81045PEI	E09	B	b9151	HIST1H1E	HIST1H1E	Y
b9152	b9152.raw	81045PEI	E08	B	b9152	CRYBB3	CRYBB3	Y
b9165	b9165.raw	81045PEI	E02	B	b9165	PRR16	PRR16	Y
b9166	b9166.raw	81045PEI	E01	B	b9166	NKAIN4	NKAIN4	Y
b9168	b9168.raw	81045PEI	H02	A	b9168	C11orf85	C11orf85	Y
b9169	b9169.raw	81045PEI	H03	A	b9169	CD79A	CD79A	Y
b9170	b9170.raw	81045PEI	H04	A	b9170	TICAM2	TICAM2	Y
b9171	b9171.raw	81045PEI	H05	A	b9171	BCL2L2	BCL2L2	Y
b9172	b9172.raw	81045PEI	H07	A	b9172	C9orf106	C9orf106	Y
b9173	b9173.raw	81045PEI	H08	A	b9173	C3orf43	C3orf43	Y
b9174	b9174.raw	81045PEI	H09	A	b9174	C18orf21	C18orf21	Y
b9175	b9175.raw	81045PEI	H10	A	b9175	C19orf39	C19orf39	Y
b9176	b9176.raw	81045PEI	H11	A	b9176	REEP1	REEP1	Y
b9187	b9187.raw	81045PEI	G10	B	b9187	ASB14	ASB14	Y
b9188	b9188.raw	81045PEI	G07	B	b9188	OFCC1	OFCC1	Y
b9189	b9189.raw	81045PEI	G04	B	b9189	SYNGR4	SYNGR4	Y
b9190	b9190.raw	81045PEI	G03	B	b9190	C12orf69	C12orf69	Y
b9193	b9193.raw	81045PEI	D11	B	b9193	RWDD4	RWDD4	Y
b9195	b9195.raw	81045PEI	D08	B	b9195	ZNF586	ZNF586	Y
b9213	b9213.raw	81094	C03	A	b9213	FGFRL1	FGFRL1	Y
b9216	b9216.raw	81094	C07	A	b9216	PRCC	PRCC	Y
b9217	b9217.raw	81094	C09	A	b9217	GCM2	GCM2	Y
b9218	b9218.raw	81094	C12	A	b9218	SASS6	SASS6	Y
b9222	b9222.raw	81094	D02	A	b9222	NMD3	NMD3	Y
b9223	b9223.raw	81094	D04	A	b9223	ZNF512	ZNF512	Y
b9224	b9224.raw	81094	D06	A	b9224	ATF2	ATF2	Y
b9225	b9225.raw	81094	D07	A	b9225	USP14	USP14	Y
b9226	b9226.raw	81094	D08	A	b9226	PRPF19	PRPF19	Y
b9227	b9227.raw	81094	D09	A	b9227	TBC1D22B	TBC1D22B	Y
b9228	b9228.raw	81094	D10	A	b9228	PRPF31	PRPF31	Y
b9229	b9229.raw	81094	D11	A	b9229	FSCN2	FSCN2	Y
b9230	b9230.raw	81094	D12	A	b9230	RSL1D1	RSL1D1	Y
b9233	b9233.raw	81094	E01	A	b9233	ZC3HC1	ZC3HC1	Y
b9234	b9234.raw	81094	E02	A	b9234	EPB41L5	EPB41L5	Y
b9235	b9235.raw	81094	E04	A	b9235	LIPG	LIPG	Y
b9236	b9236.raw	81094	E05	A	b9236	AGXT2L1	AGXT2L1	Y
b9237	b9237.raw	81094	E06	A	b9237	CAMKV	CAMKV	Y
b9238	b9238.raw	81094	E07	A	b9238	ZSCAN5A	ZSCAN5A	Y
b9239	b9239.raw	81094	E08	A	b9239	FAM114A2	FAM114A2	Y
b9240	b9240.raw	81094	E09	A	b9240	TTC7A	TTC7A	Y
b9241	b9241.raw	81094	E10	A	b9241	LIPC	LIPC	Y
b9242	b9242.raw	81094	E11	A	b9242	ZNF517	ZNF517	Y
b9243	b9243.raw	81094	E12	A	b9243	PRKAG3	PRKAG3	Y
b9247	b9247.raw	81094	F09	B	b9247	AMIGO3	AMIGO3	Y
b9248	b9248.raw	81094	F08	B	b9248	HARS2	HARS2	Y
b9249	b9249.raw	81094	F07	B	b9249	CDC20	CDC20	Y
b9250	b9250.raw	81094	F05	B	b9250	SLC2A6	SLC2A6	Y
b9251	b9251.raw	81094	F04	B	b9251	WASL	WASL	Y
b9252	b9252.raw	81094	F03	B	b9252	PSMD5	PSMD5	Y
b9253	b9253.raw	81094	F02	B	b9253	KLHL29	KLHL29	Y
b9254	b9254.raw	81094	F01	B	b9254	ALDH1L1	ALDH1L1	Y
b9257	b9257.raw	81094	H02	A	b9257	CYP2S1	CYP2S1	Y
b9258	b9258.raw	81094	H03	A	b9258	PNPLA2	PNPLA2	Y
b9259	b9259.raw	81094	H04	A	b9259	TEKT3	TEKT3	Y
b9260	b9260.raw	81094	H05	A	b9260	CCDC88C	CCDC88C	Y
b9262	b9262.raw	81094	H07	A	b9262	SLC2A5	SLC2A5	Y
b9264	b9264.raw	81094	H09	A	b9264	UBAP1	UBAP1	Y
b9265	b9265.raw	81094	H10	A	b9265	NEU4	NEU4	Y
b9354	b9354.raw	81110	B01	A	b9354	RNF6	RNF6	Y
b9355	b9355.raw	81110	B02	A	b9355	NCSTN	NCSTN	Y
b9356	b9356.raw	81110	B04	A	b9356	ACSBG2	ACSBG2	Y
b9357	b9357.raw	81110	B05	A	b9357	KIF2B	KIF2B	Y
b9358	b9358.raw	81110	B06	A	b9358	BMX	BMX	Y
b9359	b9359.raw	81110	B07	A	b9359	LZTS2	LZTS2	Y
b9360	b9360.raw	81110	B08	A	b9360	DPYSL3	DPYSL3	Y
b9361	b9361.raw	81110	B10	A	b9361	FANCM	FANCM	Y
b9362	b9362.raw	81110	B11	A	b9362	PRDM1	PRDM1	Y
b9363	b9363.raw	81110	B12	A	b9363	PLK1S1	PLK1S1	Y
b9366	b9366.raw	81110	A12	B	b9366	ALOX5	ALOX5	Y
b9367	b9367.raw	81110	A11	B	b9367	SLC39A12	SLC39A12	Y
b9369	b9369.raw	81110	A08	B	b9369	VASN	VASN	Y
b9370	b9370.raw	81110	A07	B	b9370	KIF22	KIF22	Y
b9371	b9371.raw	81110	A06	B	b9371	FLRT1	FLRT1	Y
b9372	b9372.raw	81110	A05	B	b9372	NALCN	NALCN	Y
b9373	b9373.raw	81110	A03	B	b9373	LIMK2	LIMK2	Y
b9374	b9374.raw	81110	A02	B	b9374	FAM190A	FAM190A	Y
b9375	b9375.raw	81110	A01	B	b9375	FAM189B	FAM189B	Y
b9379	b9379.raw	81110	D02	A	b9379	CD6	CD6	Y
b9380	b9380.raw	81110	D03	A	b9380	CIRH1A	CIRH1A	Y
b9381	b9381.raw	81110	D04	A	b9381	GFPT2	GFPT2	Y
b9382	b9382.raw	81110	D05	A	b9382	FBXL5	FBXL5	Y
b9383	b9383.raw	81110	D06	A	b9383	FBXO30	FBXO30	Y
b9384	b9384.raw	81110	D07	A	b9384	HSPA9	HSPA9	Y
b9386	b9386.raw	81110	D10	A	b9386	LCA5L	LCA5L	Y
b9387	b9387.raw	81110	D11	A	b9387	PCDHA10	PCDHA10	Y
b9388	b9388.raw	81110	D12	A	b9388	PRKCA	PRKCA	Y
b9391	b9391.raw	81110	C12	B	b9391	ABCG8	ABCG8	Y
b9392	b9392.raw	81110	C11	B	b9392	DNA2	DNA2	Y
b9393	b9393.raw	81110	C09	B	b9393	DBF4	DBF4	Y
b9394	b9394.raw	81110	C05	B	b9394	HBS1L	HBS1L	Y
b9395	b9395.raw	81110	C04	B	b9395	BBS7	BBS7	Y
b9396	b9396.raw	81110	C03	B	b9396	SLC20A1	SLC20A1	Y
b9401	b9401.raw	81110	E12	B	b9401	CAPN13	CAPN13	Y
b9402	b9402.raw	81110	E11	B	b9402	TRPM8	TRPM8	Y
b9403	b9403.raw	81110	E10	B	b9403	KIF2A	KIF2A	Y
b9404	b9404.raw	81110	E09	B	b9404	DDX31	DDX31	Y
b9405	b9405.raw	81110	E08	B	b9405	PRKG1	PRKG1	Y
b9406	b9406.raw	81110	E06	B	b9406	RHPN1	RHPN1	Y
b9407	b9407.raw	81110	E02	B	b9407	POLR3E	POLR3E	Y
b9408	b9408.raw	81110	E01	B	b9408	ACOX2	ACOX2	Y
b9443	b9443.raw	81110	F12	B	b9443	GIMAP8	GIMAP8	Y
b9445	b9445.raw	81110	F10	B	b9445	LRRC45	LRRC45	Y
b9446	b9446.raw	81110	F09	B	b9446	SLC25A13	SLC25A13	Y
b9447	b9447.raw	81110	F08	B	b9447	ESRP1	ESRP1	Y
b9481	b9481.raw	81045PEI	E10	C	b9481	CSN2	CSN2	Y
b9482	b9482.raw	81045PEI	E07	C	b9482	PRG3	PRG3	Y
b9484	b9484.raw	81045PEI	E05	C	b9484	SPATA12	SPATA12	Y
b9486	b9486.raw	81045PEI	E03	C	b9486	DKK4	DKK4	Y
b9487	b9487.raw	81045PEI	F02	C	b9487	SCN3B	SCN3B	Y
b9647	b9647.raw	81110	G05	B	b9647	SCFD2	SCFD2	Y
b9958	b9958.raw	81110	C09	C	b9958	DBF4	DBF4	Y
b9959	b9959.raw	81110	E06	C	b9959	RHPN1	RHPN1	Y
b9960	b9960.raw	81110	E08	C	b9960	PRKG1	PRKG1	Y
b9962	b9962.raw	81110	F05	A	b9962	ANXA6	ANXA6	Y
j10274	j10274.raw	81045PEI	A01	A	j10274	ZNF428	ZNF428	Y
j10275	j10275.raw	81045PEI	A02	A	j10275	RAB28	RAB28	Y
j10277	j10277.raw	81045PEI	A04	A	j10277	EXOG	EXOG	Y
j10279	j10279.raw	81045PEI	A07	A	j10279	LIM2	LIM2	Y
j10280	j10280.raw	81045PEI	A09	A	j10280	TM2D2	TM2D2	Y
j10281	j10281.raw	81045PEI	A10	A	j10281	PRR20A	PRR20A	Y
j10282	j10282.raw	81045PEI	A11	A	j10282	UBAC2	UBAC2	Y
j10286	j10286.raw	81045PEI	E01	A	j10286	NKAIN4	NKAIN4	Y
j10287	j10287.raw	81045PEI	E02	A	j10287	PRR16	PRR16	Y
j10288	j10288.raw	81045PEI	E03	A	j10288	DKK4	DKK4	Y
j10290	j10290.raw	81045PEI	E05	A	j10290	SPATA12	SPATA12	Y
j10292	j10292.raw	81045PEI	E07	A	j10292	PRG3	PRG3	Y
j10293	j10293.raw	81045PEI	E08	A	j10293	CRYBB3	CRYBB3	Y
j10294	j10294.raw	81045PEI	E09	A	j10294	HIST1H1E	HIST1H1E	Y
j10295	j10295.raw	81045PEI	E10	A	j10295	CSN2	CSN2	Y
j10296	j10296.raw	81045PEI	E11	A	j10296	OAZ3	OAZ3	Y
j10300	j10300.raw	81045PEI	C12	B	j10300	MAU2	MAU2	Y
j10302	j10302.raw	81045PEI	C10	B	j10302	CRP	CRP	Y
j10303	j10303.raw	81045PEI	C09	B	j10303	MOBKL2C	MOBKL2C	Y
j10304	j10304.raw	81045PEI	C08	B	j10304	TNNI3	TNNI3	Y
j10306	j10306.raw	81045PEI	C05	B	j10306	IFNA4	IFNA4	Y
j10307	j10307.raw	81045PEI	C04	B	j10307	TTLL9	TTLL9	Y
j10309	j10309.raw	81045PEI	C02	B	j10309	SOCS3	SOCS3	Y
j10310	j10310.raw	81045PEI	C01	B	j10310	RAB15	RAB15	Y
j10313	j10313.raw	81045PEI	F11	B	j10313	CNTF	CNTF	Y
j10314	j10314.raw	81045PEI	F10	B	j10314	SULT1C4	SULT1C4	Y
j10315	j10315.raw	81045PEI	F09	B	j10315	ARHGEF38	ARHGEF38	Y
j10316	j10316.raw	81045PEI	F08	B	j10316	BAG2	BAG2	Y
j10317	j10317.raw	81045PEI	F07	B	j10317	BCL7A	BCL7A	Y
j10318	j10318.raw	81045PEI	F06	B	j10318	IL29	IL29	Y
j10319	j10319.raw	81045PEI	F05	B	j10319	C9orf139	C9orf139	Y
j10320	j10320.raw	81045PEI	F04	B	j10320	HTR3D	HTR3D	Y
j10327	j10327.raw	81045PEI	B12	B	j10327	NEK2	NEK2	Y
j10328	j10328.raw	81045PEI	B11	B	j10328	IL22RA2	IL22RA2	Y
j10330	j10330.raw	81045PEI	B09	B	j10330	RAB5C	RAB5C	Y
j10331	j10331.raw	81045PEI	B08	B	j10331	DTD1	DTD1	Y
j10332	j10332.raw	81045PEI	B07	B	j10332	RAB41	RAB41	Y
j10333	j10333.raw	81045PEI	B06	B	j10333	IFNW1	IFNW1	Y
j10334	j10334.raw	81045PEI	B04	B	j10334	TMEM182	TMEM182	Y
j10335	j10335.raw	81045PEI	B03	B	j10335	RIT1	RIT1	Y
j10336	j10336.raw	81045PEI	B02	B	j10336	GJB7	GJB7	Y
j10337	j10337.raw	81045PEI	B01	B	j10337	YAF2	YAF2	Y
j10342	j10342.raw	81045PEI	G03	A	j10342	C12orf69	C12orf69	Y
j10343	j10343.raw	81045PEI	G04	A	j10343	SYNGR4	SYNGR4	Y
j10344	j10344.raw	81045PEI	G07	A	j10344	OFCC1	OFCC1	Y
j10345	j10345.raw	81045PEI	G10	A	j10345	ASB14	ASB14	Y
j10363	j10363.raw	81045PEI	H11	B	j10363	REEP1	REEP1	Y
j10364	j10364.raw	81045PEI	H10	B	j10364	C19orf39	C19orf39	Y
j10365	j10365.raw	81045PEI	H09	B	j10365	C18orf21	C18orf21	Y
j10366	j10366.raw	81045PEI	H08	B	j10366	C3orf43	C3orf43	Y
j10367	j10367.raw	81045PEI	H07	B	j10367	C9orf106	C9orf106	Y
j10368	j10368.raw	81045PEI	H05	B	j10368	BCL2L2	BCL2L2	Y
j10369	j10369.raw	81045PEI	H04	B	j10369	TICAM2	TICAM2	Y
j10370	j10370.raw	81045PEI	H03	B	j10370	CD79A	CD79A	Y
j10371	j10371.raw	81045PEI	H02	B	j10371	C11orf85	C11orf85	Y
j10382	j10382.raw	81094	A01	A	j10382	CRISPLD1	CRISPLD1	Y
j10383	j10383.raw	81094	A02	A	j10383	TRAF2	TRAF2	Y
j10384	j10384.raw	81094	A03	A	j10384	INTS4	INTS4	Y
j10385	j10385.raw	81094	A04	A	j10385	DHX30	DHX30	Y
j10386	j10386.raw	81094	A05	A	j10386	PLB1	PLB1	Y
j10387	j10387.raw	81094	A06	A	j10387	ANGPT2	ANGPT2	Y
j10388	j10388.raw	81094	A07	A	j10388	THUMPD3	THUMPD3	Y
j10389	j10389.raw	81094	A08	A	j10389	CHD2	CHD2	Y
j10390	j10390.raw	81094	A09	A	j10390	GDF5	GDF5	Y
j10391	j10391.raw	81094	A10	A	j10391	RFTN2	RFTN2	Y
j10392	j10392.raw	81094	A11	A	j10392	CYP2A7	CYP2A7	Y
j10393	j10393.raw	81094	A12	A	j10393	ZSCAN22	ZSCAN22	Y
j10396	j10396.raw	81094	B01	A	j10396	CYP3A5	CYP3A5	Y
j10397	j10397.raw	81094	B03	A	j10397	PDHX	PDHX	Y
j10398	j10398.raw	81094	B04	A	j10398	SHMT2	SHMT2	Y
j10399	j10399.raw	81094	B06	A	j10399	SLC24A5	SLC24A5	Y
j10400	j10400.raw	81094	B07	A	j10400	NF2	NF2	Y
j10401	j10401.raw	81094	B08	A	j10401	TFCP2	TFCP2	Y
j10402	j10402.raw	81094	B09	A	j10402	C10orf2	C10orf2	Y
j10403	j10403.raw	81094	B11	A	j10403	HHAT	HHAT	Y
j10404	j10404.raw	81094	B12	A	j10404	SMYD1	SMYD1	Y
j10407	j10407.raw	81094	F01	A	j10407	ALDH1L1	ALDH1L1	Y
j10408	j10408.raw	81094	F02	A	j10408	KLHL29	KLHL29	Y
j10409	j10409.raw	81094	F03	A	j10409	PSMD5	PSMD5	Y
j10410	j10410.raw	81094	F04	A	j10410	WASL	WASL	Y
j10411	j10411.raw	81094	F05	A	j10411	SLC2A6	SLC2A6	Y
j10412	j10412.raw	81094	F07	A	j10412	CDC20	CDC20	Y
j10413	j10413.raw	81094	F08	A	j10413	HARS2	HARS2	Y
j10414	j10414.raw	81094	F09	A	j10414	AMIGO3	AMIGO3	Y
j10419	j10419.raw	81094	G02	A	j10419	KCNJ3	KCNJ3	Y
j10420	j10420.raw	81094	G03	A	j10420	ACCS	ACCS	Y
j10421	j10421.raw	81094	G05	A	j10421	ACVRL1	ACVRL1	Y
j10422	j10422.raw	81094	G06	A	j10422	ANXA11	ANXA11	Y
j10423	j10423.raw	81094	G07	A	j10423	CLCC1	CLCC1	Y
j10424	j10424.raw	81094	G08	A	j10424	CYP2E1	CYP2E1	Y
j10425	j10425.raw	81094	G09	A	j10425	FMN1	FMN1	Y
j10426	j10426.raw	81094	G10	A	j10426	OXA1L	OXA1L	Y
j10427	j10427.raw	81094	G11	A	j10427	TXNRD2	TXNRD2	Y
j10431	j10431.raw	81094	E12	B	j10431	PRKAG3	PRKAG3	Y
j10432	j10432.raw	81094	E11	B	j10432	ZNF517	ZNF517	Y
j10433	j10433.raw	81094	E10	B	j10433	LIPC	LIPC	Y
j10434	j10434.raw	81094	E09	B	j10434	TTC7A	TTC7A	Y
j10435	j10435.raw	81094	E08	B	j10435	FAM114A2	FAM114A2	Y
j10436	j10436.raw	81094	E07	B	j10436	ZSCAN5A	ZSCAN5A	Y
j10437	j10437.raw	81094	E06	B	j10437	CAMKV	CAMKV	Y
j10438	j10438.raw	81094	E05	B	j10438	AGXT2L1	AGXT2L1	Y
j10439	j10439.raw	81094	E04	B	j10439	LIPG	LIPG	Y
j10440	j10440.raw	81094	E02	B	j10440	EPB41L5	EPB41L5	Y
j10441	j10441.raw	81094	E01	B	j10441	ZC3HC1	ZC3HC1	Y
j10445	j10445.raw	81094	H07	B	j10445	SLC2A5	SLC2A5	Y
j10447	j10447.raw	81094	H05	B	j10447	CCDC88C	CCDC88C	Y
j10448	j10448.raw	81094	H04	B	j10448	TEKT3	TEKT3	Y
j10449	j10449.raw	81094	H03	B	j10449	PNPLA2	PNPLA2	Y
j10450	j10450.raw	81094	H02	B	j10450	CYP2S1	CYP2S1	Y
j10488	j10488.raw	81094	H10	B	j10488	NEU4	NEU4	Y
j10489	j10489.raw	81094	H09	B	j10489	UBAP1	UBAP1	Y
j10538	j10538.raw	81110	B12	B	j10538	PLK1S1	PLK1S1	Y
j10539	j10539.raw	81110	B11	B	j10539	PRDM1	PRDM1	Y
j10540	j10540.raw	81110	B10	B	j10540	FANCM	FANCM	Y
j10541	j10541.raw	81110	B08	B	j10541	DPYSL3	DPYSL3	Y
j10542	j10542.raw	81110	B07	B	j10542	LZTS2	LZTS2	Y
j10543	j10543.raw	81110	B06	B	j10543	BMX	BMX	Y
j10544	j10544.raw	81110	B05	B	j10544	KIF2B	KIF2B	Y
j10545	j10545.raw	81110	B04	B	j10545	ACSBG2	ACSBG2	Y
j10546	j10546.raw	81110	B02	B	j10546	NCSTN	NCSTN	Y
j10547	j10547.raw	81110	B01	B	j10547	RNF6	RNF6	Y
j10550	j10550.raw	81110	E01	A	j10550	ACOX2	ACOX2	Y
j10551	j10551.raw	81110	E02	A	j10551	POLR3E	POLR3E	Y
j10554	j10554.raw	81110	E09	A	j10554	DDX31	DDX31	Y
j10555	j10555.raw	81110	E10	A	j10555	KIF2A	KIF2A	Y
j10556	j10556.raw	81110	E11	A	j10556	TRPM8	TRPM8	Y
j10557	j10557.raw	81110	E12	A	j10557	CAPN13	CAPN13	Y
j10560	j10560.raw	81110	D12	B	j10560	PRKCA	PRKCA	Y
j10561	j10561.raw	81110	D11	B	j10561	PCDHA10	PCDHA10	Y
j10562	j10562.raw	81110	D10	B	j10562	LCA5L	LCA5L	Y
j10564	j10564.raw	81110	D07	B	j10564	HSPA9	HSPA9	Y
j10565	j10565.raw	81110	D06	B	j10565	FBXO30	FBXO30	Y
j10566	j10566.raw	81110	D05	B	j10566	FBXL5	FBXL5	Y
j10567	j10567.raw	81110	D04	B	j10567	GFPT2	GFPT2	Y
j10568	j10568.raw	81110	D03	B	j10568	CIRH1A	CIRH1A	Y
j10569	j10569.raw	81110	D02	B	j10569	CD6	CD6	Y
j10572	j10572.raw	81110	F05	B	j10572	ANXA6	ANXA6	Y
j10573	j10573.raw	81110	F04	B	j10573	TNXB	TNXB	Y
j10574	j10574.raw	81110	F03	B	j10574	PAK6	PAK6	Y
j10575	j10575.raw	81110	F02	B	j10575	ATMIN	ATMIN	Y
j10576	j10576.raw	81110	F01	B	j10576	OAS2	OAS2	Y
j10778	j10778.raw	81110	H10	B	j10778	FERMT2	FERMT2	Y
j10779	j10779.raw	81110	H09	B	j10779	ALOX15B	ALOX15B	Y
j10780	j10780.raw	81110	H08	B	j10780	MPP5	MPP5	Y
j10781	j10781.raw	81110	H07	B	j10781	TP63	TP63	Y
j10782	j10782.raw	81110	H06	B	j10782	GLB1	GLB1	Y
j10783	j10783.raw	81110	H05	B	j10783	SYDE1	SYDE1	Y
j10784	j10784.raw	81110	H04	B	j10784	RPH3A	RPH3A	Y
j10785	j10785.raw	81110	H03	B	j10785	SH3KBP1	SH3KBP1	Y
j10786	j10786.raw	81110	H02	B	j10786	WDTC1	WDTC1	Y
j10787	j10787.raw	81110	H01	B	j10787	SCEL	SCEL	Y
j10936	j10936.raw	81094	G10	C	j10936	OXA1L	OXA1L	Y
j10937	j10937.raw	81094	G08	C	j10937	CYP2E1	CYP2E1	Y
j13305	j13305.raw	81131	A01	A	j13305	NOP2	NOP2	Y
j13306	j13306.raw	81131	A02	A	j13306	NAA15	NAA15	Y
j13307	j13307.raw	81131	A03	A	j13307	GTF3C3	GTF3C3	Y
j13308	j13308.raw	81131	A04	A	j13308	SLC14A2	SLC14A2	Y
j13309	j13309.raw	81131	A05	A	j13309	ENPEP	ENPEP	Y
j13310	j13310.raw	81131	A06	A	j13310	IGHMBP2	IGHMBP2	Y
j13311	j13311.raw	81131	A07	A	j13311	LLGL2	LLGL2	Y
j13312	j13312.raw	81131	A09	A	j13312	PPP2R3A	PPP2R3A	Y
j13313	j13313.raw	81131	A10	A	j13313	CGN	CGN	Y
j13314	j13314.raw	81131	A11	A	j13314	CGNL1	CGNL1	Y
j13317	j13317.raw	81131	B02	A	j13317	COPG	COPG	Y
j13318	j13318.raw	81131	B03	A	j13318	OCRL	OCRL	Y
j13319	j13319.raw	81131	B04	A	j13319	PLEKHG5	PLEKHG5	Y
j13320	j13320.raw	81131	B05	A	j13320	MAGEE1	MAGEE1	Y
j13321	j13321.raw	81131	B06	A	j13321	KANK4	KANK4	Y
j13322	j13322.raw	81131	B07	A	j13322	TUBGCP5	TUBGCP5	Y
j13323	j13323.raw	81131	B08	A	j13323	LRIG1	LRIG1	Y
j13324	j13324.raw	81131	B09	A	j13324	MAML2	MAML2	Y
j13325	j13325.raw	81131	B10	A	j13325	CHL1	CHL1	Y
j13326	j13326.raw	81131	B11	A	j13326	MAPK8IP3	MAPK8IP3	Y
j13327	j13327.raw	81131	B12	A	j13327	YBEY	YBEY	Y
j13329	j13329.raw	81131	C03	A	j13329	EXOC1	EXOC1	Y
j13330	j13330.raw	81131	C04	A	j13330	LRRCC1	LRRCC1	Y
j13331	j13331.raw	81131	C05	A	j13331	SART3	SART3	Y
j13333	j13333.raw	81131	C07	A	j13333	TRHDE	TRHDE	Y
j13334	j13334.raw	81131	C09	A	j13334	THBS2	THBS2	Y
j13335	j13335.raw	81131	C12	A	j13335	AGRP	AGRP	Y
j13378	j13378.raw	81131	D01	A	j13378	GANAB	GANAB	Y
j13379	j13379.raw	81131	D03	A	j13379	ANO6	ANO6	Y
j13380	j13380.raw	81131	D04	A	j13380	ERAP1	ERAP1	Y
j13381	j13381.raw	81131	D05	A	j13381	SYCP1	SYCP1	Y
j13382	j13382.raw	81131	D06	A	j13382	SEMA6D	SEMA6D	Y
j13383	j13383.raw	81131	D07	A	j13383	KRBA1	KRBA1	Y
j13389	j13389.raw	81131	F01	A	j13389	TLR5	TLR5	Y
j13390	j13390.raw	81131	F02	A	j13390	CHSY3	CHSY3	Y
j13391	j13391.raw	81131	F04	A	j13391	PCDHA9	PCDHA9	Y
j13392	j13392.raw	81131	F05	A	j13392	BMP1	BMP1	Y
j13393	j13393.raw	81131	F06	A	j13393	PHF20	PHF20	Y
j13394	j13394.raw	81131	F07	A	j13394	DCLRE1A	DCLRE1A	Y
j13395	j13395.raw	81131	F08	A	j13395	RANBP6	RANBP6	Y
j13396	j13396.raw	81131	F09	A	j13396	PTPN14	PTPN14	Y
j13397	j13397.raw	81131	F10	A	j13397	TECPR2	TECPR2	Y
j13398	j13398.raw	81131	F11	A	j13398	PTPRU	PTPRU	Y
j13399	j13399.raw	81131	F12	A	j13399	TRPC5	TRPC5	Y
j13407	j13407.raw	81131	G03	B	j13407	NSMAF	NSMAF	Y
j13408	j13408.raw	81131	G02	B	j13408	ECT2	ECT2	Y
j14220	j14220.raw	81002	D12	B	j14220	DEFB123	DEFB123	Y
j14222	j14222.raw	81002	D08	B	j14222	ST13	ST13	Y
j14224	j14224.raw	81002	D06	B	j14224	GNG10	GNG10	Y
j14225	j14225.raw	81002	D02	B	j14225	LST1	LST1	Y
j14229	j14229.raw	81002	C08	B	j14229	FAM165B	FAM165B	Y
j14232	j14232.raw	81002	C05	B	j14232	NDUFA1	NDUFA1	Y
j14246	j14246.raw	81002	F12	A	j14246	OAZ1	OAZ1	Y
j14252	j14252.raw	81002	G08	A	j14252	C5orf62	C5orf62	Y
j14260	j14260.raw	81002	H08	A	j14260	SBDSP1	SBDSP1	Y
j14262	j14262.raw	81002	H10	A	j14262	GNG5	GNG5	Y
j14268	j14268.raw	81002	E03	A	j14268	POLR2L	POLR2L	Y
j14269	j14269.raw	81002	E04	A	j14269	RPS28	RPS28	Y
j14272	j14272.raw	81002	E09	A	j14272	NBR2	NBR2	Y
j14277	j14277.raw	81002	B10	B	j14277	NOP10	NOP10	Y
j14280	j14280.raw	81002	B05	B	j14280	MRPL33	MRPL33	Y
j14281	j14281.raw	81002	B04	B	j14281	C5orf13	C5orf13	Y
j14282	j14282.raw	81002	B03	B	j14282	TAC4	TAC4	Y
j14283	j14283.raw	81002	B02	B	j14283	DEFB106A	DEFB106A	Y
j14285	j14285.raw	81002	A11	B	j14285	MTCP1NB	MTCP1NB	Y
j14294	j14294.raw	81002	A04	B	j14294	UQCR10	UQCR10	Y
j14295	j14295.raw	81002	A03	B	j14295	ATOX1	ATOX1	Y
j14871	j14871.raw	81130	A01	A	j14871	KLHL11	KLHL11	Y
j14872	j14872.raw	81130	A02	A	j14872	ECEL1	ECEL1	Y
j14873	j14873.raw	81130	A03	A	j14873	ZMYND8	ZMYND8	Y
j14874	j14874.raw	81130	A06	A	j14874	TLR10	TLR10	Y
j14875	j14875.raw	81130	A07	A	j14875	PCDHGA6	PCDHGA6	Y
j14876	j14876.raw	81130	A10	A	j14876	AXIN2	AXIN2	Y
j14878	j14878.raw	81130	C01	A	j14878	VEZT	VEZT	Y
j14880	j14880.raw	81130	C04	A	j14880	PCDHB3	PCDHB3	Y
j14881	j14881.raw	81130	C05	A	j14881	RGL1	RGL1	Y
j14884	j14884.raw	81130	C09	A	j14884	ABTB2	ABTB2	Y
j14885	j14885.raw	81130	C11	A	j14885	DNM2	DNM2	Y
j14889	j14889.raw	81130	D11	B	j14889	DDHD1	DDHD1	Y
j14890	j14890.raw	81130	D10	B	j14890	TRPC3	TRPC3	Y
j14891	j14891.raw	81130	D08	B	j14891	KIF7	KIF7	Y
j14893	j14893.raw	81130	D06	B	j14893	PCDHA8	PCDHA8	Y
j14894	j14894.raw	81130	D05	B	j14894	TMEM63C	TMEM63C	Y
j14895	j14895.raw	81130	D04	B	j14895	CASD1	CASD1	Y
j14896	j14896.raw	81130	D03	B	j14896	TRPV3	TRPV3	Y
j14897	j14897.raw	81130	D02	B	j14897	CPSF2	CPSF2	Y
j14898	j14898.raw	81130	D01	B	j14898	ZNF280C	ZNF280C	Y
j14907	j14907.raw	81130	G10	B	j14907	KIAA1274	KIAA1274	Y
j14908	j14908.raw	81130	G09	B	j14908	TRIM6-TRIM34	TRIM6-TRIM34	Y
j14909	j14909.raw	81130	G08	B	j14909	SEMA4C	SEMA4C	Y
j14910	j14910.raw	81130	G06	B	j14910	DLG3	DLG3	Y
j14911	j14911.raw	81130	G05	B	j14911	PCDHA11	PCDHA11	Y
j14912	j14912.raw	81130	G03	B	j14912	ANKRD56	ANKRD56	Y
j14913	j14913.raw	81130	G01	B	j14913	SYNPO2L	SYNPO2L	Y
j14914	j14914.raw	81130	H01	A	j14914	SEMA3E	SEMA3E	Y
j14915	j14915.raw	81130	H05	A	j14915	PLG	PLG	Y
j14916	j14916.raw	81130	H07	A	j14916	TXNDC16	TXNDC16	Y
j14917	j14917.raw	81130	H11	A	j14917	SLC9A5	SLC9A5	Y
j15092	j15092.raw	81130	H10	B	j15092	EIF2C1	EIF2C1	Y
j15093	j15093.raw	81130	H09	B	j15093	RBM25	RBM25	Y
j15094	j15094.raw	81130	H08	B	j15094	ACAP3	ACAP3	Y
j15095	j15095.raw	81130	H06	B	j15095	PCDHGA7	PCDHGA7	Y
j15096	j15096.raw	81130	H04	B	j15096	DPP6	DPP6	Y
j15097	j15097.raw	81130	H03	B	j15097	BRD4	BRD4	Y
j15098	j15098.raw	81130	H02	B	j15098	TBC1D2B	TBC1D2B	Y
j15100	j15100.raw	81130	G07	B	j15100	NPAS2	NPAS2	Y
j15101	j15101.raw	81130	G04	B	j15101	TFR2	TFR2	Y
j15102	j15102.raw	81130	G02	B	j15102	TLR1	TLR1	Y
j15105	j15105.raw	81130	F12	B	j15105	ANKLE2	ANKLE2	Y
j15106	j15106.raw	81130	F10	B	j15106	BICD2	BICD2	Y
j15107	j15107.raw	81130	F08	B	j15107	DISC1	DISC1	Y
j15109	j15109.raw	81130	F03	B	j15109	GPAT2	GPAT2	Y
j15111	j15111.raw	81130	E12	B	j15111	MATN2	MATN2	Y
j15115	j15115.raw	81130	E05	B	j15115	SPON1	SPON1	Y
j15116	j15116.raw	81130	A11	B	j15116	PIPSL	PIPSL	Y
j15120	j15120.raw	81130	H03	C	j15120	BRD4	BRD4	Y
j15121	j15121.raw	81130	H06	C	j15121	PCDHGA7	PCDHGA7	Y
j15122	j15122.raw	81130	H08	C	j15122	ACAP3	ACAP3	Y
j15150	j15150.raw	81130	F11	C	j15150	PHF14	PHF14	Y
j15151	j15151.raw	81130	E05	C	j15151	SPON1	SPON1	Y
j18265	j18265.raw	81033PEI	F02	C	j18265	C19orf66	C19orf66	Y
j19865	j19865.raw	OC2119	B09	C	j19865	KRT39	KRT39	Y
j3706	j3706.raw	71PEI2	A01	A	j3706	PSRC1	PSRC1	Y
j3709	j3709.raw	71PEI2	A04	A	j3709	MAB21L3	MAB21L3	Y
j3710	j3710.raw	71PEI2	A05	A	j3710	RIC3	RIC3	Y
j3711	j3711.raw	71PEI2	A06	A	j3711	INHA	INHA	Y
j3712	j3712.raw	71PEI2	A07	A	j3712	USP46	USP46	Y
j3713	j3713.raw	71PEI2	A08	A	j3713	ZDHHC9	ZDHHC9	Y
j3714	j3714.raw	71PEI2	A09	A	j3714	LMX1B	LMX1B	Y
j3740	j3740.raw	71PEI2	B06	B	j3740	VSX1	VSX1	Y
j3741	j3741.raw	71PEI2	B04	A	j3741	NHLRC2	NHLRC2	Y
j3742	j3742.raw	71PEI2	B07	A	j3742	POLE	POLE	Y
j3754	j3754.raw	71PEI2	E01	A	j3754	FKSG43	FKSG43	Y
j3755	j3755.raw	71PEI2	E03	A	j3755	CDCA7	CDCA7	Y
j3756	j3756.raw	71PEI2	E05	A	j3756	NXF5	NXF5	Y
j3759	j3759.raw	71PEI2	E11	A	j3759	RAE1	RAE1	Y
j3771	j3771.raw	71PEI2	C04	A	j3771	CXCR7	CXCR7	Y
j3772	j3772.raw	71PEI2	C05	A	j3772	TSSK1B	TSSK1B	Y
j3775	j3775.raw	71PEI2	C08	A	j3775	POPDC2	POPDC2	Y
j4184	j4184.raw	81059PEI	B01	A	j4184	CNN1	CNN1	Y
j4185	j4185.raw	81059PEI	B02	A	j4185	NOSIP	NOSIP	Y
j4186	j4186.raw	81059PEI	B03	A	j4186	SETD3	SETD3	Y
j4190	j4190.raw	81059PEI	B07	A	j4190	ZNF277	ZNF277	Y
j4191	j4191.raw	81059PEI	B08	A	j4191	POPDC3	POPDC3	Y
j4192	j4192.raw	81059PEI	B09	A	j4192	CCDC146	CCDC146	Y
j4193	j4193.raw	81059PEI	B10	A	j4193	WDR92	WDR92	Y
j4194	j4194.raw	81059PEI	B11	A	j4194	RASSF6	RASSF6	Y
j4195	j4195.raw	81059PEI	B12	A	j4195	ITGA4	ITGA4	Y
j4210	j4210.raw	81059PEI	C02	A	j4210	GK5	GK5	Y
j4212	j4212.raw	81059PEI	C04	A	j4212	LDB3	LDB3	Y
j4213	j4213.raw	81059PEI	C05	A	j4213	GGPS1	GGPS1	Y
j4215	j4215.raw	81059PEI	C08	A	j4215	HNMT	HNMT	Y
j4216	j4216.raw	81059PEI	C10	A	j4216	C19orf46	C19orf46	Y
j4217	j4217.raw	81059PEI	C11	A	j4217	DHRS2	DHRS2	Y
j4223	j4223.raw	81059PEI	D02	A	j4223	ODF3L1	ODF3L1	Y
j4224	j4224.raw	81059PEI	D04	A	j4224	CLN8	CLN8	Y
j4226	j4226.raw	81059PEI	D08	A	j4226	GTDC1	GTDC1	Y
j4227	j4227.raw	81059PEI	D09	A	j4227	CXorf21	CXorf21	Y
j4228	j4228.raw	81059PEI	D10	A	j4228	FBXO25	FBXO25	Y
j4229	j4229.raw	81059PEI	D12	A	j4229	TBC1D3F	TBC1D3F	Y
j4234	j4234.raw	81059PEI	H02	A	j4234	PPAP2A	PPAP2A	Y
j4235	j4235.raw	81059PEI	H03	A	j4235	KIAA0247	KIAA0247	Y
j4236	j4236.raw	81059PEI	H04	A	j4236	F3	F3	Y
j4237	j4237.raw	81059PEI	H06	A	j4237	COLEC10	COLEC10	Y
j4238	j4238.raw	81059PEI	H07	A	j4238	SGCD	SGCD	Y
j4240	j4240.raw	81059PEI	H09	A	j4240	XRCC2	XRCC2	Y
j4241	j4241.raw	81059PEI	H10	A	j4241	EDA2R	EDA2R	Y
j4242	j4242.raw	81059PEI	H11	A	j4242	EXOSC8	EXOSC8	Y
j4246	j4246.raw	81059PEI	A01	A	j4246	STX5	STX5	Y
j4248	j4248.raw	81059PEI	A03	A	j4248	CNOT7	CNOT7	Y
j4251	j4251.raw	81059PEI	A06	A	j4251	SNAI3	SNAI3	Y
j4252	j4252.raw	81059PEI	A07	A	j4252	NIT2	NIT2	Y
j4255	j4255.raw	81059PEI	A11	A	j4255	C7orf46	C7orf46	Y
j4266	j4266.raw	81059PEI	G03	A	j4266	FAM175A	FAM175A	Y
j4269	j4269.raw	81059PEI	G06	A	j4269	RAB40AL	RAB40AL	Y
j4270	j4270.raw	81059PEI	G07	A	j4270	IYD	IYD	Y
j4271	j4271.raw	81059PEI	G08	A	j4271	CCNE2	CCNE2	Y
j4273	j4273.raw	81059PEI	G10	A	j4273	EFCAB4A	EFCAB4A	Y
j4274	j4274.raw	81059PEI	G11	A	j4274	SYNE2	SYNE2	Y
j4278	j4278.raw	81059PEI	E02	A	j4278	CCDC121	CCDC121	Y
j4279	j4279.raw	81059PEI	E03	A	j4279	AMMECR1	AMMECR1	Y
j4280	j4280.raw	81059PEI	E04	A	j4280	CAPZA2	CAPZA2	Y
j4283	j4283.raw	81059PEI	E08	A	j4283	FBXO6	FBXO6	Y
j4284	j4284.raw	81059PEI	E09	A	j4284	C15orf29	C15orf29	Y
j4285	j4285.raw	81059PEI	E10	A	j4285	STARD10	STARD10	Y
j4286	j4286.raw	81059PEI	E11	A	j4286	CTSZ	CTSZ	Y
j4294	j4294.raw	81059PEI	F02	A	j4294	CEBPE	CEBPE	Y
j4295	j4295.raw	81059PEI	F03	A	j4295	CSGALNACT1	CSGALNACT1	Y
j4297	j4297.raw	81059PEI	F05	A	j4297	SPATS1	SPATS1	Y
j4298	j4298.raw	81059PEI	F06	A	j4298	PTCRA	PTCRA	Y
j4299	j4299.raw	81059PEI	F07	A	j4299	TNFSF13B	TNFSF13B	Y
j4301	j4301.raw	81059PEI	F09	A	j4301	RPRD1A	RPRD1A	Y
j4303	j4303.raw	81059PEI	F11	A	j4303	TRAPPC10	TRAPPC10	Y
j4304	j4304.raw	81059PEI	F12	A	j4304	VDAC2	VDAC2	Y
j4314	j4314.raw	81059PEI	C01	A	j4314	ZC3H8	ZC3H8	Y
j4315	j4315.raw	81059PEI	C07	A	j4315	MRPL46	MRPL46	Y
j4316	j4316.raw	81059PEI	C09	A	j4316	HSD17B11	HSD17B11	Y
j4317	j4317.raw	81059PEI	D03	A	j4317	ELOVL2	ELOVL2	Y
j4318	j4318.raw	81059PEI	D05	A	j4318	GLYATL1	GLYATL1	Y
j6409	j6409.raw	81067	A01	A	j6409	HMBS	HMBS	Y
j6410	j6410.raw	81067	A02	A	j6410	PARVA	PARVA	Y
j6411	j6411.raw	81067	A03	A	j6411	PSAT1	PSAT1	Y
j6412	j6412.raw	81067	A04	A	j6412	GABRE	GABRE	Y
j6414	j6414.raw	81067	A06	A	j6414	AHSG	AHSG	Y
j6415	j6415.raw	81067	A07	A	j6415	CDCA7L	CDCA7L	Y
j6416	j6416.raw	81067	A08	A	j6416	MCAM	MCAM	Y
j6417	j6417.raw	81067	A09	A	j6417	TRIM16	TRIM16	Y
j6418	j6418.raw	81067	A10	A	j6418	USP38	USP38	Y
j6422	j6422.raw	81067	H01	A	j6422	ZNF707	ZNF707	Y
j6423	j6423.raw	81067	H02	A	j6423	KIAA1456	KIAA1456	Y
j6424	j6424.raw	81067	H03	A	j6424	SMPD1	SMPD1	Y
j6425	j6425.raw	81067	H04	A	j6425	C9orf156	C9orf156	Y
j6426	j6426.raw	81067	H05	A	j6426	CD244	CD244	Y
j6427	j6427.raw	81067	H06	A	j6427	NUP50	NUP50	Y
j6428	j6428.raw	81067	H07	A	j6428	DNM3	DNM3	Y
j6429	j6429.raw	81067	H08	A	j6429	SERPINA6	SERPINA6	Y
j6431	j6431.raw	81067	H10	A	j6431	PVRL3	PVRL3	Y
j6443	j6443.raw	81067	B01	A	j6443	OBFC1	OBFC1	Y
j6444	j6444.raw	81067	B02	A	j6444	SDF4	SDF4	Y
j6445	j6445.raw	81067	B03	A	j6445	CXADR	CXADR	Y
j6449	j6449.raw	81067	B07	A	j6449	RBPJ	RBPJ	Y
j6450	j6450.raw	81067	B08	A	j6450	SLC39A4	SLC39A4	Y
j6451	j6451.raw	81067	B09	A	j6451	KIAA1949	KIAA1949	Y
j6454	j6454.raw	81067	B12	A	j6454	FBXL3	FBXL3	Y
j6458	j6458.raw	81067	D01	A	j6458	HLA-C	HLA-C	Y
j6459	j6459.raw	81067	D02	A	j6459	LIPT1	LIPT1	Y
j6460	j6460.raw	81067	D03	A	j6460	CREB3	CREB3	Y
j6461	j6461.raw	81067	D04	A	j6461	PARD6B	PARD6B	Y
j6462	j6462.raw	81067	D05	A	j6462	RSAD2	RSAD2	Y
j6463	j6463.raw	81067	D06	A	j6463	ARHGEF10	ARHGEF10	Y
j6464	j6464.raw	81067	D07	A	j6464	DNAJC11	DNAJC11	Y
j6465	j6465.raw	81067	D08	A	j6465	PHF15	PHF15	Y
j6467	j6467.raw	81067	D12	A	j6467	CLEC18A	CLEC18A	Y
j6471	j6471.raw	81067	E01	A	j6471	SSBP2	SSBP2	Y
j6472	j6472.raw	81067	E02	A	j6472	SLC35C1	SLC35C1	Y
j6473	j6473.raw	81067	E03	A	j6473	PEX3	PEX3	Y
j6474	j6474.raw	81067	E05	A	j6474	GPR183	GPR183	Y
j6475	j6475.raw	81067	E06	A	j6475	VASP	VASP	Y
j6476	j6476.raw	81067	E07	A	j6476	C8orf45	C8orf45	Y
j6477	j6477.raw	81067	E08	A	j6477	NT5E	NT5E	Y
j6478	j6478.raw	81067	E09	A	j6478	TEAD4	TEAD4	Y
j6479	j6479.raw	81067	E10	A	j6479	DZIP3	DZIP3	Y
j6480	j6480.raw	81067	E11	A	j6480	ADH1C	ADH1C	Y
j6486	j6486.raw	81067	C02	A	j6486	USP18	USP18	Y
j6488	j6488.raw	81067	C04	A	j6488	ARPC1A	ARPC1A	Y
j6489	j6489.raw	81067	C05	A	j6489	IDH3A	IDH3A	Y
j6490	j6490.raw	81067	C06	A	j6490	AUP1	AUP1	Y
j6491	j6491.raw	81067	C07	A	j6491	DLD	DLD	Y
j6493	j6493.raw	81067	C09	A	j6493	IGSF8	IGSF8	Y
j6494	j6494.raw	81067	C10	A	j6494	DCTN1	DCTN1	Y
j6495	j6495.raw	81067	C11	A	j6495	B3GNT3	B3GNT3	Y
j6496	j6496.raw	81067	C12	A	j6496	FAM188A	FAM188A	Y
j6500	j6500.raw	81067	F01	A	j6500	GRINL1A	GRINL1A	Y
j6501	j6501.raw	81067	F02	A	j6501	SDC3	SDC3	Y
j6502	j6502.raw	81067	F03	A	j6502	TTC23L	TTC23L	Y
j6503	j6503.raw	81067	F04	A	j6503	CD19	CD19	Y
j6504	j6504.raw	81067	F05	A	j6504	ANKRD16	ANKRD16	Y
j6505	j6505.raw	81067	F06	A	j6505	PABPC5	PABPC5	Y
j6506	j6506.raw	81067	F07	A	j6506	MYT1	MYT1	Y
j6507	j6507.raw	81067	F09	A	j6507	PPARD	PPARD	Y
j6508	j6508.raw	81067	F10	A	j6508	MMRN1	MMRN1	Y
j6514	j6514.raw	81067	F04	C	j6514	CD19	CD19	Y
j6517	j6517.raw	81067	G01	A	j6517	H2AFY2	H2AFY2	Y
j6518	j6518.raw	81067	G02	A	j6518	GLUL	GLUL	Y
j6519	j6519.raw	81067	G03	A	j6519	POGZ	POGZ	Y
j6521	j6521.raw	81067	G05	A	j6521	PNMA2	PNMA2	Y
j6522	j6522.raw	81067	G06	A	j6522	GMPR2	GMPR2	Y
j6523	j6523.raw	81067	G07	A	j6523	LMNA	LMNA	Y
j6524	j6524.raw	81067	G09	A	j6524	HLA-B	HLA-B	Y
j6525	j6525.raw	81067	G10	A	j6525	GPR52	GPR52	Y
j6526	j6526.raw	81067	G11	A	j6526	PRKAR2B	PRKAR2B	Y
j9703	j9703.raw	81096	A01	A	j9703	DPYS	DPYS	Y
j9704	j9704.raw	81096	A02	A	j9704	DYRK4	DYRK4	Y
j9705	j9705.raw	81096	A03	A	j9705	TNK2	TNK2	Y
j9706	j9706.raw	81096	A04	A	j9706	CYP4F12	CYP4F12	Y
j9707	j9707.raw	81096	A05	A	j9707	VANGL1	VANGL1	Y
j9708	j9708.raw	81096	A06	A	j9708	DYNC1LI1	DYNC1LI1	Y
j9709	j9709.raw	81096	A07	A	j9709	ZNF449	ZNF449	Y
j9710	j9710.raw	81096	A08	A	j9710	POLE2	POLE2	Y
j9711	j9711.raw	81096	A09	A	j9711	SNX1	SNX1	Y
j9712	j9712.raw	81096	A10	A	j9712	ZNF238	ZNF238	Y
j9713	j9713.raw	81096	A11	A	j9713	ZMYND11	ZMYND11	Y
j9714	j9714.raw	81096	A12	A	j9714	TBL1Y	TBL1Y	Y
j9718	j9718.raw	81096	B01	A	j9718	TCP11L2	TCP11L2	Y
j9719	j9719.raw	81096	B02	A	j9719	MARCO	MARCO	Y
j9721	j9721.raw	81096	B04	A	j9721	ATP5B	ATP5B	Y
j9722	j9722.raw	81096	B05	A	j9722	NAB2	NAB2	Y
j9723	j9723.raw	81096	B06	A	j9723	FAM98A	FAM98A	Y
j9724	j9724.raw	81096	B07	A	j9724	TMEM209	TMEM209	Y
j9725	j9725.raw	81096	B08	A	j9725	CAT	CAT	Y
j9727	j9727.raw	81096	B10	A	j9727	PLXNA4	PLXNA4	Y
j9728	j9728.raw	81096	B11	A	j9728	FBXW11	FBXW11	Y
j9729	j9729.raw	81096	B12	A	j9729	TIGD6	TIGD6	Y
j9733	j9733.raw	81096	C01	A	j9733	CREB3L1	CREB3L1	Y
j9734	j9734.raw	81096	C02	A	j9734	DCT	DCT	Y
j9735	j9735.raw	81096	C03	A	j9735	BAIAP2	BAIAP2	Y
j9736	j9736.raw	81096	C04	A	j9736	CDC25A	CDC25A	Y
j9737	j9737.raw	81096	C05	A	j9737	DEPDC1	DEPDC1	Y
j9738	j9738.raw	81096	C06	A	j9738	TULP2	TULP2	Y
j9739	j9739.raw	81096	C08	A	j9739	ZNF572	ZNF572	Y
j9740	j9740.raw	81096	C09	A	j9740	CORO2A	CORO2A	Y
j9741	j9741.raw	81096	C10	A	j9741	CDK17	CDK17	Y
j9742	j9742.raw	81096	C11	A	j9742	SIAE	SIAE	Y
j9743	j9743.raw	81096	C12	A	j9743	VANGL2	VANGL2	Y
j9747	j9747.raw	81096	D01	A	j9747	CAMKK1	CAMKK1	Y
j9748	j9748.raw	81096	D02	A	j9748	TBX22	TBX22	Y
j9749	j9749.raw	81096	D03	A	j9749	GPR114	GPR114	Y
j9750	j9750.raw	81096	D04	A	j9750	NHEDC2	NHEDC2	Y
j9751	j9751.raw	81096	D05	A	j9751	PFKFB3	PFKFB3	Y
j9752	j9752.raw	81096	D06	A	j9752	ZNF768	ZNF768	Y
j9753	j9753.raw	81096	D07	A	j9753	LRRTM1	LRRTM1	Y
j9754	j9754.raw	81096	D08	A	j9754	APEX2	APEX2	Y
j9755	j9755.raw	81096	D09	A	j9755	MFSD8	MFSD8	Y
j9757	j9757.raw	81096	D12	A	j9757	PNLDC1	PNLDC1	Y
j9761	j9761.raw	81096	G01	A	j9761	KBTBD4	KBTBD4	Y
j9762	j9762.raw	81096	G02	A	j9762	ZNF490	ZNF490	Y
j9763	j9763.raw	81096	G03	A	j9763	QRSL1	QRSL1	Y
j9764	j9764.raw	81096	G04	A	j9764	CYP4V2	CYP4V2	Y
j9765	j9765.raw	81096	G05	A	j9765	ARHGEF3	ARHGEF3	Y
j9766	j9766.raw	81096	G06	A	j9766	ARSG	ARSG	Y
j9767	j9767.raw	81096	G07	A	j9767	ZNF454	ZNF454	Y
j9768	j9768.raw	81096	G08	A	j9768	FBXO7	FBXO7	Y
j9769	j9769.raw	81096	G09	A	j9769	OXCT1	OXCT1	Y
j9771	j9771.raw	81096	G11	A	j9771	ALPL	ALPL	Y
j9776	j9776.raw	81096	F12	B	j9776	USP3	USP3	Y
j9777	j9777.raw	81096	F11	B	j9777	UGT2A3	UGT2A3	Y
j9778	j9778.raw	81096	F10	B	j9778	SLC1A1	SLC1A1	Y
j9784	j9784.raw	81096	F02	B	j9784	SYNCRIP	SYNCRIP	Y
j9788	j9788.raw	81096	E12	B	j9788	VNN2	VNN2	Y
j9789	j9789.raw	81096	E11	B	j9789	ALPI	ALPI	Y
j9790	j9790.raw	81096	E10	B	j9790	OMA1	OMA1	Y
j9791	j9791.raw	81096	E09	B	j9791	ASB3	ASB3	Y
j9792	j9792.raw	81096	E08	B	j9792	C17orf53	C17orf53	Y
j9793	j9793.raw	81096	E07	B	j9793	CDC16	CDC16	Y
j9794	j9794.raw	81096	E05	B	j9794	LAP3	LAP3	Y
j9795	j9795.raw	81096	E03	B	j9795	WHSC2	WHSC2	Y
j9796	j9796.raw	81096	E02	B	j9796	FLVCR2	FLVCR2	Y
j9797	j9797.raw	81096	E01	B	j9797	PDE4D	PDE4D	Y
j9798	j9798.raw	81096	H01	A	j9798	C16orf71	C16orf71	Y
j9799	j9799.raw	81096	H02	A	j9799	HEXA	HEXA	Y
j9800	j9800.raw	81096	H03	A	j9800	GPR161	GPR161	Y
j9801	j9801.raw	81096	H05	A	j9801	MEPE	MEPE	Y
j9802	j9802.raw	81096	H06	A	j9802	YARS	YARS	Y
j9804	j9804.raw	81096	H08	A	j9804	PRPF4	PRPF4	Y
j9806	j9806.raw	81096	H10	A	j9806	MAOA	MAOA	Y
j9807	j9807.raw	81096	H11	A	j9807	UGT3A2	UGT3A2	Y
j9956	j9956.raw	81096	C04	C	j9956	CDC25A	CDC25A	Y
j9957	j9957.raw	81096	F09	C	j9957	PDZK1	PDZK1	Y
j9958	j9958.raw	81096	F08	C	j9958	ATG9A	ATG9A	Y
j9959	j9959.raw	81096	F06	C	j9959	OCLN	OCLN	Y
j9960	j9960.raw	81096	F05	C	j9960	ACCN2	ACCN2	Y
q10517	q10517.raw	81131	A11	B	q10517	CGNL1	CGNL1	Y
q10518	q10518.raw	81131	A10	B	q10518	CGN	CGN	Y
q10519	q10519.raw	81131	A09	B	q10519	PPP2R3A	PPP2R3A	Y
q10520	q10520.raw	81131	A07	B	q10520	LLGL2	LLGL2	Y
q10521	q10521.raw	81131	A06	B	q10521	IGHMBP2	IGHMBP2	Y
q10522	q10522.raw	81131	A05	B	q10522	ENPEP	ENPEP	Y
q10523	q10523.raw	81131	A04	B	q10523	SLC14A2	SLC14A2	Y
q10524	q10524.raw	81131	A03	B	q10524	GTF3C3	GTF3C3	Y
q10525	q10525.raw	81131	A02	B	q10525	NAA15	NAA15	Y
q10526	q10526.raw	81131	A01	B	q10526	NOP2	NOP2	Y
q10527	q10527.raw	81131	C12	B	q10527	AGRP	AGRP	Y
q10528	q10528.raw	81131	C09	B	q10528	THBS2	THBS2	Y
q10529	q10529.raw	81131	C07	B	q10529	TRHDE	TRHDE	Y
q10531	q10531.raw	81131	C05	B	q10531	SART3	SART3	Y
q10532	q10532.raw	81131	C04	B	q10532	LRRCC1	LRRCC1	Y
q10533	q10533.raw	81131	C03	B	q10533	EXOC1	EXOC1	Y
q10537	q10537.raw	81131	E01	A	q10537	LPIN3	LPIN3	Y
q10539	q10539.raw	81131	E03	A	q10539	MARCH6	MARCH6	Y
q10540	q10540.raw	81131	E04	A	q10540	ZCCHC14	ZCCHC14	Y
q10541	q10541.raw	81131	E05	A	q10541	EPHA1	EPHA1	Y
q10542	q10542.raw	81131	E06	A	q10542	PPFIBP1	PPFIBP1	Y
q10543	q10543.raw	81131	E07	A	q10543	DAB2IP	DAB2IP	Y
q10544	q10544.raw	81131	E08	A	q10544	ATF7IP	ATF7IP	Y
q10545	q10545.raw	81131	E10	A	q10545	TBC1D9	TBC1D9	Y
q10546	q10546.raw	81131	E11	A	q10546	CPD	CPD	Y
q10547	q10547.raw	81131	E12	A	q10547	RNF43	RNF43	Y
q10550	q10550.raw	81131	F12	B	q10550	TRPC5	TRPC5	Y
q10551	q10551.raw	81131	F11	B	q10551	PTPRU	PTPRU	Y
q10552	q10552.raw	81131	F10	B	q10552	TECPR2	TECPR2	Y
q10553	q10553.raw	81131	F09	B	q10553	PTPN14	PTPN14	Y
q10554	q10554.raw	81131	F08	B	q10554	RANBP6	RANBP6	Y
q10558	q10558.raw	81131	F06	B	q10558	PHF20	PHF20	Y
q10559	q10559.raw	81131	F05	B	q10559	BMP1	BMP1	Y
q10560	q10560.raw	81131	F04	B	q10560	PCDHA9	PCDHA9	Y
q10561	q10561.raw	81131	F02	B	q10561	CHSY3	CHSY3	Y
q10562	q10562.raw	81131	F01	B	q10562	TLR5	TLR5	Y
q10567	q10567.raw	81131	E12	B	q10567	RNF43	RNF43	Y
q10568	q10568.raw	81131	E11	B	q10568	CPD	CPD	Y
q10569	q10569.raw	81131	E10	B	q10569	TBC1D9	TBC1D9	Y
q10570	q10570.raw	81131	E08	B	q10570	ATF7IP	ATF7IP	Y
q10571	q10571.raw	81131	E07	B	q10571	DAB2IP	DAB2IP	Y
q10573	q10573.raw	81131	E05	B	q10573	EPHA1	EPHA1	Y
q10574	q10574.raw	81131	E04	B	q10574	ZCCHC14	ZCCHC14	Y
q10575	q10575.raw	81131	E03	B	q10575	MARCH6	MARCH6	Y
q10577	q10577.raw	81131	E01	B	q10577	LPIN3	LPIN3	Y
q10654	q10654.raw	81131	B06	C	q10654	KANK4	KANK4	Y
q10678	q10678.raw	81131	G09	C	q10678	PCDH12	PCDH12	Y
q10681	q10681.raw	81131	G04	C	q10681	GAA	GAA	Y
q11337	q11337.raw	81002	A04	A	q11337	UQCR10	UQCR10	Y
q11348	q11348.raw	81002	B03	A	q11348	TAC4	TAC4	Y
q11349	q11349.raw	81002	B04	A	q11349	C5orf13	C5orf13	Y
q11353	q11353.raw	81002	B10	A	q11353	NOP10	NOP10	Y
q11360	q11360.raw	81002	C05	A	q11360	NDUFA1	NDUFA1	Y
q11363	q11363.raw	81002	C08	A	q11363	FAM165B	FAM165B	Y
q11368	q11368.raw	81002	D06	A	q11368	GNG10	GNG10	Y
q11370	q11370.raw	81002	D08	A	q11370	ST13	ST13	Y
q11371	q11371.raw	81002	D11	A	q11371	LENEP	LENEP	Y
q11372	q11372.raw	81002	D12	A	q11372	DEFB123	DEFB123	Y
q11965	q11965.raw	81130	D01	A	q11965	ZNF280C	ZNF280C	Y
q11968	q11968.raw	81130	D04	A	q11968	CASD1	CASD1	Y
q11969	q11969.raw	81130	D05	A	q11969	TMEM63C	TMEM63C	Y
q11970	q11970.raw	81130	D06	A	q11970	PCDHA8	PCDHA8	Y
q11972	q11972.raw	81130	D08	A	q11972	KIF7	KIF7	Y
q11973	q11973.raw	81130	D10	A	q11973	TRPC3	TRPC3	Y
q11974	q11974.raw	81130	D11	A	q11974	DDHD1	DDHD1	Y
q11977	q11977.raw	81130	G01	A	q11977	SYNPO2L	SYNPO2L	Y
q11978	q11978.raw	81130	G03	A	q11978	ANKRD56	ANKRD56	Y
q11979	q11979.raw	81130	G05	A	q11979	PCDHA11	PCDHA11	Y
q11980	q11980.raw	81130	G06	A	q11980	DLG3	DLG3	Y
q11981	q11981.raw	81130	G08	A	q11981	SEMA4C	SEMA4C	Y
q11982	q11982.raw	81130	G09	A	q11982	TRIM6-TRIM34	TRIM6-TRIM34	Y
q11983	q11983.raw	81130	G10	A	q11983	KIAA1274	KIAA1274	Y
q11988	q11988.raw	81130	B11	B	q11988	RABEP1	RABEP1	Y
q11989	q11989.raw	81130	B10	B	q11989	GABBR1	GABBR1	Y
q11990	q11990.raw	81130	B09	B	q11990	MOGS	MOGS	Y
q11992	q11992.raw	81130	B07	B	q11992	PCDHB1	PCDHB1	Y
q11993	q11993.raw	81130	B06	B	q11993	PCDHGB2	PCDHGB2	Y
q11994	q11994.raw	81130	B04	B	q11994	DIS3	DIS3	Y
q11995	q11995.raw	81130	B03	B	q11995	LRFN2	LRFN2	Y
q11996	q11996.raw	81130	B02	B	q11996	PDE10A	PDE10A	Y
q11997	q11997.raw	81130	B01	B	q11997	RBAK	RBAK	Y
q12001	q12001.raw	81130	C11	B	q12001	DNM2	DNM2	Y
q12002	q12002.raw	81130	C09	B	q12002	ABTB2	ABTB2	Y
q12005	q12005.raw	81130	C05	B	q12005	RGL1	RGL1	Y
q12006	q12006.raw	81130	C04	B	q12006	PCDHB3	PCDHB3	Y
q12008	q12008.raw	81130	C01	B	q12008	VEZT	VEZT	Y
q12010	q12010.raw	81130	A10	B	q12010	AXIN2	AXIN2	Y
q12011	q12011.raw	81130	A07	B	q12011	PCDHGA6	PCDHGA6	Y
q12012	q12012.raw	81130	A06	B	q12012	TLR10	TLR10	Y
q12014	q12014.raw	81130	A02	B	q12014	ECEL1	ECEL1	Y
q12015	q12015.raw	81130	A01	B	q12015	KLHL11	KLHL11	Y
q12020	q12020.raw	81130	F09	B	q12020	ARHGAP12	ARHGAP12	Y
q12021	q12021.raw	81130	F04	B	q12021	GSG2	GSG2	Y
q12022	q12022.raw	81130	F02	B	q12022	PNPT1	PNPT1	Y
q12023	q12023.raw	81130	E11	B	q12023	PCDHGC5	PCDHGC5	Y
q12024	q12024.raw	81130	E07	B	q12024	GTF3C4	GTF3C4	Y
q12026	q12026.raw	81130	E02	B	q12026	EPC2	EPC2	Y
q12027	q12027.raw	81130	E01	B	q12027	RASEF	RASEF	Y
q12048	q12048.raw	81130	H11	B	q12048	SLC9A5	SLC9A5	Y
q12049	q12049.raw	81130	H07	B	q12049	TXNDC16	TXNDC16	Y
q12050	q12050.raw	81130	H05	B	q12050	PLG	PLG	Y
q12051	q12051.raw	81130	H01	B	q12051	SEMA3E	SEMA3E	Y
q12052	q12052.raw	81130	A03	C	q12052	ZMYND8	ZMYND8	Y
q12053	q12053.raw	81130	B01	C	q12053	RBAK	RBAK	Y
q12054	q12054.raw	81130	B02	C	q12054	PDE10A	PDE10A	Y
q12055	q12055.raw	81130	D02	C	q12055	CPSF2	CPSF2	Y
q12056	q12056.raw	81130	D03	C	q12056	TRPV3	TRPV3	Y
q12128	q12128.raw	81130	A11	A	q12128	PIPSL	PIPSL	Y
q12133	q12133.raw	81130	E12	A	q12133	MATN2	MATN2	Y
q12135	q12135.raw	81130	F03	A	q12135	GPAT2	GPAT2	Y
q12137	q12137.raw	81130	F08	A	q12137	DISC1	DISC1	Y
q12138	q12138.raw	81130	F10	A	q12138	BICD2	BICD2	Y
q12139	q12139.raw	81130	F12	A	q12139	ANKLE2	ANKLE2	Y
q12142	q12142.raw	81130	G02	A	q12142	TLR1	TLR1	Y
q12143	q12143.raw	81130	G04	A	q12143	TFR2	TFR2	Y
q12144	q12144.raw	81130	G07	A	q12144	NPAS2	NPAS2	Y
q12146	q12146.raw	81130	H02	A	q12146	TBC1D2B	TBC1D2B	Y
q12148	q12148.raw	81130	H04	A	q12148	DPP6	DPP6	Y
q12152	q12152.raw	81130	H09	A	q12152	RBM25	RBM25	Y
q12153	q12153.raw	81130	H10	A	q12153	EIF2C1	EIF2C1	Y
q12550	q12550.raw	81033PEI	A01	A	q12550	C1orf146	C1orf146	Y
q12551	q12551.raw	81033PEI	A02	A	q12551	FAM9C	FAM9C	Y
q12552	q12552.raw	81033PEI	A03	A	q12552	SSBP1	SSBP1	Y
q12553	q12553.raw	81033PEI	A04	A	q12553	IQCF2	IQCF2	Y
q12554	q12554.raw	81033PEI	A05	A	q12554	SPCS3	SPCS3	Y
q12556	q12556.raw	81033PEI	A07	A	q12556	CDKN3	CDKN3	Y
q12557	q12557.raw	81033PEI	A08	A	q12557	STAG3L4	STAG3L4	Y
q12559	q12559.raw	81033PEI	A10	A	q12559	CST8	CST8	Y
q12560	q12560.raw	81033PEI	A11	A	q12560	LMO1	LMO1	Y
q12561	q12561.raw	81033PEI	A12	A	q12561	MYH7B	MYH7B	Y
q12562	q12562.raw	81033PEI	B01	A	q12562	IRGM	IRGM	Y
q12563	q12563.raw	81033PEI	B02	A	q12563	C2orf73	C2orf73	Y
q12566	q12566.raw	81033PEI	B05	A	q12566	NINJ2	NINJ2	Y
q12567	q12567.raw	81033PEI	B07	A	q12567	HBXIP	HBXIP	Y
q12568	q12568.raw	81033PEI	B08	A	q12568	MTRF1	MTRF1	Y
q12569	q12569.raw	81033PEI	B09	A	q12569	FGFR1OP2	FGFR1OP2	Y
q12570	q12570.raw	81033PEI	B10	A	q12570	CST5	CST5	Y
q12571	q12571.raw	81033PEI	B11	A	q12571	UCN3	UCN3	Y
q12572	q12572.raw	81033PEI	B12	A	q12572	IL20	IL20	Y
q12575	q12575.raw	81033PEI	C01	A	q12575	OTUD3	OTUD3	Y
q12577	q12577.raw	81033PEI	C03	A	q12577	SPRYD7	SPRYD7	Y
q12578	q12578.raw	81033PEI	C04	A	q12578	CGGBP1	CGGBP1	Y
q12579	q12579.raw	81033PEI	C05	A	q12579	MORN4	MORN4	Y
q12580	q12580.raw	81033PEI	C06	A	q12580	SIN3A	SIN3A	Y
q12581	q12581.raw	81033PEI	C07	A	q12581	UBL4B	UBL4B	Y
q12582	q12582.raw	81033PEI	C08	A	q12582	MRPL23	MRPL23	Y
q12583	q12583.raw	81033PEI	C09	A	q12583	C6orf136	C6orf136	Y
q12584	q12584.raw	81033PEI	C10	A	q12584	NAT8B	NAT8B	Y
q12585	q12585.raw	81033PEI	C11	A	q12585	OMP	OMP	Y
q12586	q12586.raw	81033PEI	C12	A	q12586	IL25	IL25	Y
q12590	q12590.raw	81033PEI	D06	A	q12590	C9orf85	C9orf85	Y
q12591	q12591.raw	81033PEI	D08	A	q12591	ZNHIT1	ZNHIT1	Y
q12592	q12592.raw	81033PEI	D09	A	q12592	PTP4A1	PTP4A1	Y
q12593	q12593.raw	81033PEI	D10	A	q12593	EDDM3A	EDDM3A	Y
q12594	q12594.raw	81033PEI	D11	A	q12594	LEP	LEP	Y
q12595	q12595.raw	81033PEI	D12	A	q12595	TNFSF18	TNFSF18	Y
q12626	q12626.raw	81033PEI	F11	B	q12626	MECOM	MECOM	Y
q12627	q12627.raw	81033PEI	F10	B	q12627	LAIR2	LAIR2	Y
q12631	q12631.raw	81033PEI	F05	B	q12631	PID1	PID1	Y
q12632	q12632.raw	81033PEI	F04	B	q12632	NDUFAF4	NDUFAF4	Y
q12634	q12634.raw	81033PEI	F02	B	q12634	C19orf66	C19orf66	Y
q12647	q12647.raw	81033PEI	E10	B	q12647	MS4A6E	MS4A6E	Y
q12648	q12648.raw	81033PEI	E08	B	q12648	C4orf39	C4orf39	Y
q12649	q12649.raw	81033PEI	E07	B	q12649	LAGE3	LAGE3	Y
q12650	q12650.raw	81033PEI	E06	B	q12650	CXorf40A	CXorf40A	Y
q12652	q12652.raw	81033PEI	E04	B	q12652	UPP1	UPP1	Y
q12653	q12653.raw	81033PEI	E03	B	q12653	EMP3	EMP3	Y
q12659	q12659.raw	81033PEI	G03	A	q12659	HINT2	HINT2	Y
q12660	q12660.raw	81033PEI	G04	A	q12660	IL7	IL7	Y
q12664	q12664.raw	81033PEI	G08	A	q12664	C9orf23	C9orf23	Y
q12665	q12665.raw	81033PEI	G09	A	q12665	RGS5	RGS5	Y
q12666	q12666.raw	81033PEI	G11	A	q12666	CRYAA	CRYAA	Y
q12780	q12780.raw	81033PEI	H09	B	q12780	CALCA	CALCA	Y
q12788	q12788.raw	81033PEI	H02	B	q12788	AVPI1	AVPI1	Y
q12796	q12796.raw	81033PEI	B11	C	q12796	UCN3	UCN3	Y
q12796b	q12796b.raw	81033PEI	F08	C	q12796b	TWIST2	TWIST2	Y
q12797	q12797.raw	81033PEI	C12	C	q12797	IL25	IL25	Y
q12798	q12798.raw	81033PEI	C10	C	q12798	NAT8B	NAT8B	Y
q12799	q12799.raw	81033PEI	D10	C	q12799	EDDM3A	EDDM3A	Y
q12800b	q12800b.raw	81033PEI	E06	C	q12800b	CXorf40A	CXorf40A	Y
q12801	q12801.raw	81033PEI	F05	C	q12801	PID1	PID1	Y
q12802	q12802.raw	81033PEI	F11	C	q12802	MECOM	MECOM	Y
q16269	q16269.raw	OC2116	C12	B	q16269	FOLR3	FOLR3	Y
q16271	q16271.raw	OC2116	C09	B	q16271	CLCA1	CLCA1	Y
q16272	q16272.raw	OC2116	C07	B	q16272	HSF4	HSF4	Y
q16273	q16273.raw	OC2116	C06	B	q16273	IGFBPL1	IGFBPL1	Y
q16274	q16274.raw	OC2116	C05	B	q16274	ESCO2	ESCO2	Y
q16275	q16275.raw	OC2116	C04	B	q16275	FAM150B	FAM150B	Y
q16276	q16276.raw	OC2116	C03	B	q16276	SEZ6L	SEZ6L	Y
q16277	q16277.raw	OC2116	C02	B	q16277	SNRPD3	SNRPD3	Y
q16278	q16278.raw	OC2116	C01	B	q16278	UBE2L3	UBE2L3	Y
q16281	q16281.raw	OC2116	B12	B	q16281	CAPN12	CAPN12	Y
q16282	q16282.raw	OC2116	B10	B	q16282	PREX2	PREX2	Y
q16283	q16283.raw	OC2116	B09	B	q16283	DEFB112	DEFB112	Y
q16284	q16284.raw	OC2116	B07	B	q16284	SPANXN2	SPANXN2	Y
q16285	q16285.raw	OC2116	B04	B	q16285	DEFB109	DEFB109	Y
q16288	q16288.raw	OC2116	B01	B	q16288	SLC5A1	SLC5A1	Y
q16292	q16292.raw	OC2116	A10	B	q16292	CARD16	CARD16	Y
q16293	q16293.raw	OC2116	A07	B	q16293	STRA8	STRA8	Y
q16294	q16294.raw	OC2116	A06	B	q16294	SHOX	SHOX	Y
q16296	q16296.raw	OC2116	A03	B	q16296	PICK1	PICK1	Y
q16297	q16297.raw	OC2116	A02	B	q16297	SREBF2	SREBF2	Y
q16311	q16311.raw	OC2116	E12	B	q16311	TAS1R2	TAS1R2	Y
q16312	q16312.raw	OC2116	E10	B	q16312	GJA10	GJA10	Y
q16314	q16314.raw	OC2116	E08	B	q16314	PROL1	PROL1	Y
q16315	q16315.raw	OC2116	E07	B	q16315	GUCA2A	GUCA2A	Y
q16317	q16317.raw	OC2116	E05	B	q16317	SLC5A4	SLC5A4	Y
q16318	q16318.raw	OC2116	E04	B	q16318	CDCP2	CDCP2	Y
q16320	q16320.raw	OC2116	E02	B	q16320	YWHAH	YWHAH	Y
q16323	q16323.raw	OC2116	D12	B	q16323	XKRY2	XKRY2	Y
q16324	q16324.raw	OC2116	D11	B	q16324	HOXA7	HOXA7	Y
q16326	q16326.raw	OC2116	D07	B	q16326	GPR151	GPR151	Y
q16327	q16327.raw	OC2116	D06	B	q16327	AWAT2	AWAT2	Y
q16328	q16328.raw	OC2116	D05	B	q16328	SPRR2D	SPRR2D	Y
q16329	q16329.raw	OC2116	D04	B	q16329	ENPP3	ENPP3	Y
q16330	q16330.raw	OC2116	D03	B	q16330	TST	TST	Y
q16331	q16331.raw	OC2116	D02	B	q16331	AP1B1	AP1B1	Y
q16332	q16332.raw	OC2116	D01	B	q16332	PLA2G6	PLA2G6	Y
q16382	q16382.raw	OC2116	H10	B	q16382	GALP	GALP	Y
q16383	q16383.raw	OC2116	H09	B	q16383	B3GNT7	B3GNT7	Y
q16384	q16384.raw	OC2116	H08	B	q16384	OR4E2	OR4E2	Y
q16386	q16386.raw	OC2116	H06	B	q16386	UGT1A5	UGT1A5	Y
q16387	q16387.raw	OC2116	H04	B	q16387	VPS9D1	VPS9D1	Y
q16388	q16388.raw	OC2116	H03	B	q16388	OR4N2	OR4N2	Y
q16393	q16393.raw	OC2116	G11	B	q16393	NLRP5	NLRP5	Y
q16395	q16395.raw	OC2116	G07	B	q16395	SPINK14	SPINK14	Y
q16396	q16396.raw	OC2116	G06	B	q16396	SSX7	SSX7	Y
q16397	q16397.raw	OC2116	G05	B	q16397	MYEOV2	MYEOV2	Y
q16398	q16398.raw	OC2116	G03	B	q16398	CUX2	CUX2	Y
q16405	q16405.raw	OC2116	F08	B	q16405	LIFR	LIFR	Y
q16406	q16406.raw	OC2116	F07	B	q16406	CNGA1	CNGA1	Y
q16408	q16408.raw	OC2116	F02	B	q16408	RFPL1	RFPL1	Y
q16544	q16544.raw	OC2119	B12	B	q16544	BMP6	BMP6	Y
q16545	q16545.raw	OC2119	B11	B	q16545	FBXW9	FBXW9	Y
q16546	q16546.raw	OC2119	B09	B	q16546	KRT39	KRT39	Y
q16547	q16547.raw	OC2119	B08	B	q16547	MATN1	MATN1	Y
q16548	q16548.raw	OC2119	B07	B	q16548	CRLF2	CRLF2	Y
q16549	q16549.raw	OC2119	B06	B	q16549	TTC39A	TTC39A	Y
q16550	q16550.raw	OC2119	B05	B	q16550	TEX13B	TEX13B	Y
q16555	q16555.raw	OC2119	A11	B	q16555	DCDC1	DCDC1	Y
q16556	q16556.raw	OC2119	A10	B	q16556	SPAG11B	SPAG11B	Y
q16557	q16557.raw	OC2119	A09	B	q16557	CRISP1	CRISP1	Y
q16559	q16559.raw	OC2119	A06	B	q16559	GLCE	GLCE	Y
q16560	q16560.raw	OC2119	A05	B	q16560	HOXA4	HOXA4	Y
q16561	q16561.raw	OC2119	A04	B	q16561	ZFP1	ZFP1	Y
q16562	q16562.raw	OC2119	A03	B	q16562	LPIN2	LPIN2	Y
q16563	q16563.raw	OC2119	A02	B	q16563	FAM178A	FAM178A	Y
q16617	q16617.raw	OC2119	C12	B	q16617	LHB	LHB	Y
q16619	q16619.raw	OC2119	C10	B	q16619	ANKS4B	ANKS4B	Y
q16621	q16621.raw	OC2119	C08	B	q16621	KLRC3	KLRC3	Y
q16622	q16622.raw	OC2119	C07	B	q16622	ZFP42	ZFP42	Y
q16623	q16623.raw	OC2119	C05	B	q16623	C1QL3	C1QL3	Y
q16624	q16624.raw	OC2119	C03	B	q16624	EIF2C4	EIF2C4	Y
q16625	q16625.raw	OC2119	C02	B	q16625	LEPR	LEPR	Y
q16626	q16626.raw	OC2119	C01	B	q16626	SLC45A4	SLC45A4	Y
q16632	q16632.raw	OC2119	H11	B	q16632	ERCC4	ERCC4	Y
q16638	q16638.raw	OC2119	F11	B	q16638	FMNL3	FMNL3	Y
q16639	q16639.raw	OC2119	F10	B	q16639	UBXN7	UBXN7	Y
q16640	q16640.raw	OC2119	F09	B	q16640	NAA11	NAA11	Y
q16641	q16641.raw	OC2119	F08	B	q16641	NPVF	NPVF	Y
q16642	q16642.raw	OC2119	F06	B	q16642	TSHZ2	TSHZ2	Y
q16643	q16643.raw	OC2119	F05	B	q16643	CCNO	CCNO	Y
q16644	q16644.raw	OC2119	F04	B	q16644	TAL1	TAL1	Y
q16645	q16645.raw	OC2119	F03	B	q16645	PKMYT1	PKMYT1	Y
q16646	q16646.raw	OC2119	F02	B	q16646	PRKD1	PRKD1	Y
q16647	q16647.raw	OC2119	F01	B	q16647	GBX1	GBX1	Y
q16650	q16650.raw	OC2119	D12	B	q16650	C16orf55	C16orf55	Y
q16656	q16656.raw	OC2119	D10	C	q16656	TAS2R39	TAS2R39	Y
q16657	q16657.raw	OC2119	D09	B	q16657	LBX2	LBX2	Y
q16658	q16658.raw	OC2119	D08	B	q16658	HPR	HPR	Y
q16659	q16659.raw	OC2119	D07	B	q16659	AS3MT	AS3MT	Y
q16660	q16660.raw	OC2119	D06	B	q16660	ZNF492	ZNF492	Y
q16661	q16661.raw	OC2119	D05	B	q16661	TCF15	TCF15	Y
q16662	q16662.raw	OC2119	D03	B	q16662	RUNX2	RUNX2	Y
q16663	q16663.raw	OC2119	D02	B	q16663	KIAA0226	KIAA0226	Y
q16664	q16664.raw	OC2119	D01	B	q16664	EXOC6B	EXOC6B	Y
q18776	q18776.raw	REPEAT15	H11	B	q18776	RXRB	RXRB	Y
q18777	q18777.raw	REPEAT15	H10	B	q18777	OR51B5	OR51B5	Y
q18781	q18781.raw	REPEAT15	H06	B	q18781	CAB39	CAB39	Y
q18782	q18782.raw	REPEAT15	H05	B	q18782	OR11H12	OR11H12	Y
q18783	q18783.raw	REPEAT15	H04	B	q18783	KLRK1	KLRK1	Y
q18785	q18785.raw	REPEAT15	H02	B	q18785	LRRC37A2	LRRC37A2	Y
q18787	q18787.raw	REPEAT15	G11	B	q18787	CHRM5	CHRM5	Y
q18789	q18789.raw	REPEAT15	G09	B	q18789	OR8A1	OR8A1	Y
q18790	q18790.raw	REPEAT15	G08	B	q18790	OR4N4	OR4N4	Y
q18791	q18791.raw	REPEAT15	G07	B	q18791	NEUROD4	NEUROD4	Y
q18792	q18792.raw	REPEAT15	G05	B	q18792	DUXAP10	DUXAP10	Y
q18794	q18794.raw	REPEAT15	G03	B	q18794	ADPRHL2	ADPRHL2	Y
q18796	q18796.raw	REPEAT15	F11	B	q18796	KLRC2	KLRC2	Y
q18798	q18798.raw	REPEAT15	F09	B	q18798	UFSP1	UFSP1	Y
q18799	q18799.raw	REPEAT15	F08	B	q18799	PPCS	PPCS	Y
q18800	q18800.raw	REPEAT15	F06	B	q18800	PTX3	PTX3	Y
q18801	q18801.raw	REPEAT15	F05	B	q18801	OR2M7	OR2M7	Y
q18802	q18802.raw	REPEAT15	F04	B	q18802	DPF1	DPF1	Y
q18803	q18803.raw	REPEAT15	F03	B	q18803	OR1M1	OR1M1	Y
q18804	q18804.raw	REPEAT15	F02	B	q18804	CACNG1	CACNG1	Y
q18808	q18808.raw	REPEAT15	E09	B	q18808	OR52K2	OR52K2	Y
q18809	q18809.raw	REPEAT15	E08	B	q18809	ATP5L2	ATP5L2	Y
q18810	q18810.raw	REPEAT15	E07	B	q18810	C6orf94	C6orf94	Y
q18811	q18811.raw	REPEAT15	E05	B	q18811	C11orf10	C11orf10	Y
q18813	q18813.raw	REPEAT15	E03	B	q18813	TCEA1	TCEA1	Y
q18814	q18814.raw	REPEAT15	E02	B	q18814	MAFB	MAFB	Y
q18815	q18815.raw	REPEAT15	D12	B	q18815	FAM27E3	FAM27E3	Y
q18817	q18817.raw	REPEAT15	D10	B	q18817	GMCL1L	GMCL1L	Y
q18818	q18818.raw	REPEAT15	D09	B	q18818	OR14I1	OR14I1	Y
q18819	q18819.raw	REPEAT15	D08	B	q18819	PIP5K1B	PIP5K1B	Y
q18822	q18822.raw	REPEAT15	D05	B	q18822	OR2T33	OR2T33	Y
q18824	q18824.raw	REPEAT15	D03	B	q18824	LGI1	LGI1	Y
q18825	q18825.raw	REPEAT15	D02	B	q18825	CTXN1	CTXN1	Y
q18826	q18826.raw	REPEAT15	C12	B	q18826	LIN52	LIN52	Y
q18828	q18828.raw	REPEAT15	C09	B	q18828	CHRNA7	CHRNA7	Y
q18830	q18830.raw	REPEAT15	C06	B	q18830	OR6T1	OR6T1	Y
q18831	q18831.raw	REPEAT15	C05	B	q18831	LMOD3	LMOD3	Y
q18832	q18832.raw	REPEAT15	C04	B	q18832	OR14J1	OR14J1	Y
q18835	q18835.raw	REPEAT15	B12	B	q18835	FAM81A	FAM81A	Y
q18836	q18836.raw	REPEAT15	B11	B	q18836	PRR4	PRR4	Y
q18837	q18837.raw	REPEAT15	B10	B	q18837	OR52B2	OR52B2	Y
q18838	q18838.raw	REPEAT15	B09	B	q18838	LHFPL1	LHFPL1	Y
q18841	q18841.raw	REPEAT15	B06	B	q18841	STARD5	STARD5	Y
q18842	q18842.raw	REPEAT15	B05	B	q18842	PRKY	PRKY	Y
q18843	q18843.raw	REPEAT15	B04	B	q18843	TMEM167B	TMEM167B	Y
q18845	q18845.raw	REPEAT15	B02	B	q18845	KCNIP1	KCNIP1	Y
q18846	q18846.raw	REPEAT15	A11	B	q18846	GPR160	GPR160	Y
q18847	q18847.raw	REPEAT15	A10	B	q18847	BANF2	BANF2	Y
q18848	q18848.raw	REPEAT15	A09	B	q18848	CCT8L2	CCT8L2	Y
q18851	q18851.raw	REPEAT15	A06	B	q18851	RPEL1	RPEL1	Y
q18853	q18853.raw	REPEAT15	A03	B	q18853	TSPAN10	TSPAN10	Y
q18854	q18854.raw	REPEAT15	A02	B	q18854	KRT34	KRT34	Y
q19000	q19000.raw	REPEAT15	B04	C	q19000	TMEM167B	TMEM167B	Y
q19003	q19003.raw	REPEAT15	E09	C	q19003	OR52K2	OR52K2	Y
q3696	q3696.raw	71PEI2	B07	B	q3696	POLE	POLE	Y
q3697	q3697.raw	71PEI2	B06	B	q3697	VSX1	VSX1	Y
q7408	q7408.raw	81096	G06	C	q7408	ARSG	ARSG	Y
q7409	q7409.raw	81096	G05	C	q7409	ARHGEF3	ARHGEF3	Y
q7410	q7410.raw	81096	G04	C	q7410	CYP4V2	CYP4V2	Y
q7411	q7411.raw	81096	G02	C	q7411	ZNF490	ZNF490	Y
q7413	q7413.raw	81096	H06	C	q7413	YARS	YARS	Y
q7414	q7414.raw	81096	H05	C	q7414	MEPE	MEPE	Y
q7551	q7551.raw	81045PEI	C01	A	q7551	RAB15	RAB15	Y
q7552	q7552.raw	81045PEI	C02	A	q7552	SOCS3	SOCS3	Y
q7554	q7554.raw	81045PEI	C04	A	q7554	TTLL9	TTLL9	Y
q7555	q7555.raw	81045PEI	C05	A	q7555	IFNA4	IFNA4	Y
q7557	q7557.raw	81045PEI	C08	A	q7557	TNNI3	TNNI3	Y
q7558	q7558.raw	81045PEI	C09	A	q7558	MOBKL2C	MOBKL2C	Y
q7559	q7559.raw	81045PEI	C10	A	q7559	CRP	CRP	Y
q7561	q7561.raw	81045PEI	C12	A	q7561	MAU2	MAU2	Y
q7568	q7568.raw	81045PEI	D01	A	q7568	C10orf107	C10orf107	Y
q7569	q7569.raw	81045PEI	D02	A	q7569	RECK	RECK	Y
q7570	q7570.raw	81045PEI	D03	A	q7570	C16orf54	C16orf54	Y
q7571	q7571.raw	81045PEI	D04	A	q7571	LHFPL4	LHFPL4	Y
q7572	q7572.raw	81045PEI	D05	A	q7572	IFNA1	IFNA1	Y
q7573	q7573.raw	81045PEI	D07	A	q7573	RABL2A	RABL2A	Y
q7574	q7574.raw	81045PEI	D08	A	q7574	ZNF586	ZNF586	Y
q7576	q7576.raw	81045PEI	D11	A	q7576	RWDD4	RWDD4	Y
q7636	q7636.raw	81094	C12	B	q7636	SASS6	SASS6	Y
q7637	q7637.raw	81094	C09	B	q7637	GCM2	GCM2	Y
q7638	q7638.raw	81094	C07	B	q7638	PRCC	PRCC	Y
q7641	q7641.raw	81094	C03	B	q7641	FGFRL1	FGFRL1	Y
q7646	q7646.raw	81094	A11	B	q7646	CYP2A7	CYP2A7	Y
q7647	q7647.raw	81094	A10	B	q7647	RFTN2	RFTN2	Y
q7648	q7648.raw	81094	A09	B	q7648	GDF5	GDF5	Y
q7649	q7649.raw	81094	A08	B	q7649	CHD2	CHD2	Y
q7650	q7650.raw	81094	A07	B	q7650	THUMPD3	THUMPD3	Y
q7651	q7651.raw	81094	A06	B	q7651	ANGPT2	ANGPT2	Y
q7652	q7652.raw	81094	A05	B	q7652	PLB1	PLB1	Y
q7653	q7653.raw	81094	A04	B	q7653	DHX30	DHX30	Y
q7654	q7654.raw	81094	A03	B	q7654	INTS4	INTS4	Y
q7655	q7655.raw	81094	A02	B	q7655	TRAF2	TRAF2	Y
q7656	q7656.raw	81094	A01	B	q7656	CRISPLD1	CRISPLD1	Y
q7659	q7659.raw	81094	D12	B	q7659	RSL1D1	RSL1D1	Y
q7660	q7660.raw	81094	D11	B	q7660	FSCN2	FSCN2	Y
q7661	q7661.raw	81094	D10	B	q7661	PRPF31	PRPF31	Y
q7662	q7662.raw	81094	D09	B	q7662	TBC1D22B	TBC1D22B	Y
q7663	q7663.raw	81094	D08	B	q7663	PRPF19	PRPF19	Y
q7664	q7664.raw	81094	D07	B	q7664	USP14	USP14	Y
q7665	q7665.raw	81094	D06	B	q7665	ATF2	ATF2	Y
q7666	q7666.raw	81094	D04	B	q7666	ZNF512	ZNF512	Y
q7667	q7667.raw	81094	D02	B	q7667	NMD3	NMD3	Y
q7670	q7670.raw	81094	B12	B	q7670	SMYD1	SMYD1	Y
q7671	q7671.raw	81094	B11	B	q7671	HHAT	HHAT	Y
q7672	q7672.raw	81094	B09	B	q7672	C10orf2	C10orf2	Y
q7673	q7673.raw	81094	B08	B	q7673	TFCP2	TFCP2	Y
q7674	q7674.raw	81094	B07	B	q7674	NF2	NF2	Y
q7675	q7675.raw	81094	B06	B	q7675	SLC24A5	SLC24A5	Y
q7676	q7676.raw	81094	B04	B	q7676	SHMT2	SHMT2	Y
q7677	q7677.raw	81094	B03	B	q7677	PDHX	PDHX	Y
q7678	q7678.raw	81094	B01	B	q7678	CYP3A5	CYP3A5	Y
q7757	q7757.raw	81110	A01	A	q7757	FAM189B	FAM189B	Y
q7758	q7758.raw	81110	A02	A	q7758	FAM190A	FAM190A	Y
q7759	q7759.raw	81110	A03	A	q7759	LIMK2	LIMK2	Y
q7760	q7760.raw	81110	A05	A	q7760	NALCN	NALCN	Y
q7761	q7761.raw	81110	A06	A	q7761	FLRT1	FLRT1	Y
q7762	q7762.raw	81110	A07	A	q7762	KIF22	KIF22	Y
q7763	q7763.raw	81110	A08	A	q7763	VASN	VASN	Y
q7765	q7765.raw	81110	A11	A	q7765	SLC39A12	SLC39A12	Y
q7766	q7766.raw	81110	A12	A	q7766	ALOX5	ALOX5	Y
q7769	q7769.raw	81094	A12	B	q7769	ZSCAN22	ZSCAN22	Y
q7772	q7772.raw	81094	G11	B	q7772	TXNRD2	TXNRD2	Y
q7774	q7774.raw	81094	G09	B	q7774	FMN1	FMN1	Y
q7776	q7776.raw	81094	G07	B	q7776	CLCC1	CLCC1	Y
q7777	q7777.raw	81094	G06	B	q7777	ANXA11	ANXA11	Y
q7778	q7778.raw	81094	G05	B	q7778	ACVRL1	ACVRL1	Y
q7779	q7779.raw	81094	G03	B	q7779	ACCS	ACCS	Y
q7780	q7780.raw	81094	G02	B	q7780	KCNJ3	KCNJ3	Y
q7786	q7786.raw	81110	C03	A	q7786	SLC20A1	SLC20A1	Y
q7787	q7787.raw	81110	C04	A	q7787	BBS7	BBS7	Y
q7788	q7788.raw	81110	C05	A	q7788	HBS1L	HBS1L	Y
q7790	q7790.raw	81110	C11	A	q7790	DNA2	DNA2	Y
q7791	q7791.raw	81110	C12	A	q7791	ABCG8	ABCG8	Y
q7794	q7794.raw	81110	F01	A	q7794	OAS2	OAS2	Y
q7795	q7795.raw	81110	F02	A	q7795	ATMIN	ATMIN	Y
q7796	q7796.raw	81110	F03	A	q7796	PAK6	PAK6	Y
q7797	q7797.raw	81110	F04	A	q7797	TNXB	TNXB	Y
q7799	q7799.raw	81110	F08	A	q7799	ESRP1	ESRP1	Y
q7800	q7800.raw	81110	F09	A	q7800	SLC25A13	SLC25A13	Y
q7801	q7801.raw	81110	F10	A	q7801	LRRC45	LRRC45	Y
q7803	q7803.raw	81110	F12	A	q7803	GIMAP8	GIMAP8	Y
q8025	q8025.raw	81110	G01	A	q8025	SPG20	SPG20	Y
q8026	q8026.raw	81110	G02	A	q8026	RAD17	RAD17	Y
q8027	q8027.raw	81110	G03	A	q8027	ADRBK1	ADRBK1	Y
q8028	q8028.raw	81110	G04	A	q8028	KBTBD7	KBTBD7	Y
q8029	q8029.raw	81110	G05	A	q8029	SCFD2	SCFD2	Y
q8030	q8030.raw	81110	G06	A	q8030	VILL	VILL	Y
q8031	q8031.raw	81110	G07	A	q8031	TBC1D14	TBC1D14	Y
q8033	q8033.raw	81110	G09	A	q8033	TGM4	TGM4	Y
q8038	q8038.raw	81110	H01	A	q8038	SCEL	SCEL	Y
q8039	q8039.raw	81110	H02	A	q8039	WDTC1	WDTC1	Y
q8040	q8040.raw	81110	H03	A	q8040	SH3KBP1	SH3KBP1	Y
q8041	q8041.raw	81110	H04	A	q8041	RPH3A	RPH3A	Y
q8042	q8042.raw	81110	H05	A	q8042	SYDE1	SYDE1	Y
q8043	q8043.raw	81110	H06	A	q8043	GLB1	GLB1	Y
q8044	q8044.raw	81110	H07	A	q8044	TP63	TP63	Y
q8045	q8045.raw	81110	H08	A	q8045	MPP5	MPP5	Y
q8046	q8046.raw	81110	H09	A	q8046	ALOX15B	ALOX15B	Y
q8047	q8047.raw	81110	H10	A	q8047	FERMT2	FERMT2	Y
q8065	q8065.raw	81110	G09	B	q8065	TGM4	TGM4	Y
q8070	q8070.raw	81110	G04	B	q8070	KBTBD7	KBTBD7	Y
q8071	q8071.raw	81110	G03	B	q8071	ADRBK1	ADRBK1	Y
q8072	q8072.raw	81110	G02	B	q8072	RAD17	RAD17	Y
q8073	q8073.raw	81110	G01	B	q8073	SPG20	SPG20	Y
